,title,media,time,host
0,"‘미운우리새끼’ 규현, 코수술 의혹에 “저희 어머니도 물어보시더라”",MTN,7일 전,
1,"설리 고양이 추측에 연예계 장수 집사, 대답 함구…유사했던 추모 방식",뷰어스,7일 전,
2,"설리 고양이, 스핑크스 고양이와 장난에도 악플!...김희철 고양이 정체는?",한국스포츠통신,7일 전,
3,"&#39;맛남의 광장&#39; 김희철, 백종원 손맛에 흠뻑...&quot;결혼만 안했으면 내가 대시&quot;",화이트페이퍼,7일 전,
4,"연예계 대표 집사, 설리 고양이 추측에 대답 함구…추모 방식과 비슷해",경남매일신문,7일 전,
5,&#39;미우새&#39; 규현 &quot;김희철 미친척 하는 보통사람&quot;,한강타임즈,7일 전,
6,&quot;맛남의광장&quot; 어떻게 보면 난 앉아서 입만 털었다 패밀리십이 생긴 거 같다라며 고백해…,인천일보,7일 전,
7,지난 19일 자신의 인스타그램을 통해 우주대스타 김희철 개화기컨셉이라는 글을 남겨 &quot;강예빈&quot;,인사이트코리아,7일 전,
8,맛남의 광장… 네 사람은 장수군으로 향했다??,충청매일,7일 전,
9,"“갈비뼈 다 부러져” 규현, 12년전 교통사고→목소리 잃을뻔한 사연[어제TV]",뉴스엔,7일 전,네이버뉴스
10,"“갈비뼈 다 부러져” 규현, 12년전 교통사고→목소리 잃을뻔한 사연[어제TV]",뉴스엔,7일 전,네이버뉴스
11,`강예빈` 19일 자신의 인스타그램에 우주대스타 김희철 개화기 콘셉트 이러고 청담동을 누비고 다님이라는 글과 함께 사진을 게재해…?,경상일보,7일 전,
12,[RE:TV] &#39;미우새&#39; 규현 &quot;코수술 안했다&quot; 스페셜 MC다운 입담,뉴스1,7일 전,네이버뉴스
13,"&quot;父, 목소리=꿈 지켜줬다&quot; &#39;미우새&#39; 규현, 지금의 &#39;감성 발라더&#39;가 되기까지 [어저께TV]",OSEN,7일 전,네이버뉴스
14,"[어게인TV]&#39;미우새&#39; 이상민, MC해머에게 DM보냈다…탁재훈 &quot;#같이망함&quot;",헤럴드POP,7일 전,네이버뉴스
15,치즈볼의 레시피는??? 맛남의 광장,매일뉴스,7일 전,
16,"[리뷰IS] &quot;주사가 효도&quot;…&#39;미우새&#39; 규현, 스페셜한 입담",일간스포츠,7일 전,네이버뉴스
17,김희철의 강아지 기복이 배변교육 어떻게?…설리 고양이도 화제,뉴스1,7일 전,네이버뉴스
18,&#39;미우새&#39; 규현 코성형? &quot;엄마도 의심하더라&quot;,머니S,7일 전,네이버뉴스
19,"인천시, 제품극미량분석센터 문열었다",아주경제,7일 전,
20,"인천시, 제품극미량분석센터 문 열다…인천TP 설치·운용, 유해물질 시험분석지원",매일일보,7일 전,
21,[세리포트] &#39;세무컨설팅을 가장한 보험유치&#39;에 멍드는 기업들,세정일보,7일 전,
22,어제(22일)자 &#39;미우새&#39; 김희철 집에서 포착된 故 설리 고양이 &#39;고블린&#39; 닮은 스핑크스,인사이트,7일 전,
23,"&#39;미우새&#39; 규현 &quot;12년 전 교통사고, 父 덕분에 목소리 잃지 않았다&quot;",한국경제,7일 전,네이버뉴스
24,여자 밝힌다는 김희철 반려견 기복이가 ITZY 멤버들 앞에서 보인 반응,위키트리,7일 전,
25,"`미우새` 규현 &quot;코 성형수술 안했다, 엄마도 물어봐&quot;",매일경제,7일 전,네이버뉴스
26,"&#39;미우새&#39; 규현, 父가 지켜준 꿈...&quot;정말 감사해&quot; [엑&#39;s 리뷰]",엑스포츠뉴스,7일 전,네이버뉴스
27,&quot;장수 맛 몰러나간다&quot;...&#39;맛남의 광장&#39; 소개된 국밥·피자 &#39;인기몰이&#39;,프레시안,7일 전,네이버뉴스
28,&quot;어…?&quot; 어제 &#39;미우새&#39; 김희철 집에서 포착된 &#39;특별한&#39; 고양이 (영상),위키트리,7일 전,
29,"&#39;한끼줍쇼&#39; 박정아 신혼 근황 듣던 이혜영, &quot;나도 얹그제 결혼했는데 벌써 두번&quot;",톱스타뉴스,7일 전,
30,덕유산 휴게소 인기 메뉴 &#39;맛남한우 국밥&amp;맛남사과피자&#39;,전민일보,7일 전,
31,"태백시, 자율적 내부통제 관련 부서 자체 평가",국제뉴스,7일 전,
32,"“비밀이다”…김희철, ‘미우새’서 등장한 고양이 정체는 故설리 고블린?",스포츠경향,7일 전,네이버뉴스
33,[줌인]경영시험 &#39;2라운드&#39; 오른 김동관… ‘통합·시너지·고부가化’ 숙제,이데일리,7일 전,네이버뉴스
34,"&#39;맛남의 광장&#39; 백종원, 사과 피자 초간단 레시피 공개…&#39;덕유산휴게소 판매&#39;",톱스타뉴스,7일 전,
35,덕유산 휴게소 인기 메뉴 &#39;맛남한우 국밥＆맛남사과피자&#39;,업코리아,7일 전,
36,"영월군, 2019별총총 도시재생 청소년 꿈터 설계 아이디어 공모",국제뉴스,7일 전,
37,"정선군, 비전 정선 2040 군종합발전계획 수립 용역 마무리",국제뉴스,7일 전,
38,"보건복지부, &#39;사연과 노래가 함께하는 담배없는 폐스티벌&#39; 성료.. 금연 문화 확산 나서",문화뉴스,7일 전,
39,덕유산휴게소 &#39;맛남한우 국밥-맛남사과피자&#39; 인기,전북중앙,7일 전,
40,덕유산휴게소서 &#39;맛남한우 국밥&amp;맛남사과피자&#39; 인기몰이,전북도민일보,7일 전,
41,덕유산 휴게소 인기 메뉴 ‘맛남한우 국밥&amp;맛남사과피자’,아시아뉴스통신,7일 전,
42,"장수군, 덕유산 휴게소 &#39;맛남 한우국밥 &amp; 맛남 사과피자&#39; 인기",전라일보,6일 전,
43,"이동국, 아들 &#39;시안&#39;과 &#39;아는형님&#39; 나들이",충청리뷰,6일 전,
44,덕유산 휴게소 `한우국밥-사과피자&#39; 인기,새전북신문,6일 전,
45,`백종원 사과조림` 움직이며 남다른 센스를!,경상일보,6일 전,
46,"[S톡] 박은빈-서현진-마동석-김희철, &#39;단발&#39;의 전성시대",스타데일리뉴스,6일 전,
47,"태백시, 공공기관 석면건축물 지도점검 실시",국제뉴스,6일 전,
48,백종원은 먹다 남은 막걸리에 이스트와! 맛남의 광장,인사이트코리아,6일 전,
49,설상가상 &#39;미우새&#39; VS 겹경사 &#39;슈돌&#39;…희비 갈린 KBS·SBS 주말 예능,이데일리,6일 전,네이버뉴스
50,한편 강예빈은 옥타곤걸로 데뷔해 다양한 방면으로 활동중. &quot;강예빈&quot;,폴리뉴스,6일 전,
51,정선전통시장 X-Mas 연말 이벤트 풍성,국제뉴스,6일 전,
52,"&#39;맛남의 광장&#39; 정용진, 감자옹심이 이어 새로운 요리 &quot;딤섬 만들기&quot;…재방송까지 관심 UP",톱스타뉴스,6일 전,
53,김희철 집에서 포착된 설리 고양이?,국제신문,6일 전,
54,"JCI애월청년회의소, 창립 37주년 기념식 개최",제주신보,6일 전,
55,[김희철의 위기관리] 과연 중국은 우리의 우방인가?,뉴스투데이,6일 전,
56,"&#39;미라&#39; 도티, 이보다 솔직할 순 없다..#동안외모 #펭수 #유재석 #김희철 #예능[종합]",헤럴드POP,6일 전,네이버뉴스
57,&#39;미스터 라디오&#39; 도티 “같이 예능한 사람 중에 독특한 사람은 김희철”,엑스포츠뉴스,6일 전,네이버뉴스
58,&#39;맛남의광장&#39; 어떻게 보면 난 앉아서 입만 털었다 패밀리십이 생긴 거 같다라며 고백해...,업코리아,5일 전,
59,"[★픽] &#39;미운 우리 새끼&#39;(미우새) 김희철, 있지(ITZY)에게 강아지 소개 &#39;나이 잊은 케미&#39;…시청률은?",톱스타뉴스,5일 전,
60,"‘미라’ 도티, “김희철 독특하다” 대체 왜?",한국일보,5일 전,네이버뉴스
61,김희철 집에서 설리의 고양이가 포착됐다?,국제신문,5일 전,
62,"&#39;맛남의 광장&#39; 김희철 &quot;형님, 결혼 안하셨으면 대시했을 것&quot; 너스레 &#39;폭소&#39;",화이트페이퍼,5일 전,
63,"&#39;맛남의 광장&#39; 양세형 김동준, 백종원 집에서 발견한 아이들 편지에 감동 &#39;훈훈&#39;",시민일보,5일 전,
64,다음에는 헐크 옷을 입고…? &quot;웃는 남자&quot;,업코리아,5일 전,
65,&quot;미운우리새끼&quot; 규현은 자신이 생각하는 비주얼,뉴스타운,5일 전,
66,&quot;비밀이다&quot;…슈퍼주니어(SJ) 김희철 집에서 발견된 故설리 고양이 고블린? (미운 우리 새끼),톱스타뉴스,5일 전,
67,척하는 보통 사람이다라고 “미운우리새끼”,매일뉴스,5일 전,
68,&#39;미운우리새끼&#39; 물음에 저 코 안 했다고 답했다?,인천일보,5일 전,
69,‘맛남의 광장’ 김동준 만든 허니 버터 시나몬 애플에 백종원도 흐뭇,뉴스엔,5일 전,네이버뉴스
70,&#39;맛남의 광장&#39; 각양각색 사과 요리 도전기... 백종원에게 100점 받을 멤버는?,스타데일리뉴스,5일 전,
71,"&#39;맛남의 광장&#39; 김희철, 백종원에 사과 칵테일 끼얹었다..서열 4위의 웃픈 반란",헤럴드POP,5일 전,네이버뉴스
72,"&#39;맛남의 광장&#39; 김희철, 백종원에 사과 칵테일 끼얹었다? 양세형X김동준 &#39;위기&#39;[Oh!쎈 컷]",OSEN,5일 전,네이버뉴스
73,&#39;맛남의 광장&#39; 사과요리 도전...백종원에게 100점 받을 멤버는?,싱글리스트,5일 전,
74,"&#39;맛남의 광장&#39; 양세형·김희철·김동준, 사과 요리 도전…백종원 반응은?",이데일리,5일 전,네이버뉴스
75,"‘맛남의 광장’ 맛男들의 각양각색 사과 요리 도전…숙제 검사하던 백종원, 사과 칵테일로 샤워?!",스포츠경향,5일 전,네이버뉴스
76,피자를 위한 사과잼 만들기에 나섰다 맛남의 광장,인천일보,5일 전,
77,&#39;덕유산 휴게소&#39; 오픈 &#39;맛남의 광장&#39;…&#39;사과 도넛&#39; &#39;허니 버터 시나몬 애플&#39; 등 새 메뉴 도전,비즈엔터,5일 전,
78,덕유산 휴게소 사과피자 한우사태국밥 레시피는?,국제신문,5일 전,
79,&#39;맛남의 광장&#39; 백종원에게 100점 받은 멤버는? 각양각색 사과 요리 도전,스포츠조선,5일 전,네이버뉴스
80,중국서 드디어 한류 제한 풀리나···&quot;BTS 공연 고대&quot; 현지 보도,중앙일보,5일 전,네이버뉴스
81,"&#39;미스터 라디오&#39; 도티 &quot;유재석, 게임도 잘하는 사기캐&quot;",OSEN,5일 전,네이버뉴스
82,폐광지역 생태산업유산과 함께하는 희망 콘서트,국제뉴스,5일 전,
83,"韓中 정상만나자 훈훈해진 中 언론...&quot;中 민심, 한한령·여행금지 해제 원해&quot;",조선일보,5일 전,네이버뉴스
84,덕유산휴게소 &#39;맛남 한우국밥·맛남 사과피자&#39; 인기몰이,전북일보,5일 전,
85,"‘맛남의 광장’ 백종원, 사과 요리 맛본다…양세형X김희철X김동준 누가 웃을까",TV리포트,5일 전,네이버뉴스
86,中글로벌타임스“중국팬들 K팝에 기대”,서울경제,4일 전,네이버뉴스
87,&#39;미우새&#39; 규현 &quot;슈주 미친 순위? 이특·예성·최시원...김희철은 보통 사람&quot;,경상일보,4일 전,
88,통합 한화솔루션 내 김동관 역할론 대두...그룹 이끄는 견인차 될까,아주경제,4일 전,
89,[인사]홍천군 2019년 12월 26일,강원일보,4일 전,네이버뉴스
90,"T1 &#39;페이커&#39; 이상혁, MBC &#39;라디오스타&#39; 출연한다",포모스,4일 전,네이버뉴스
91,두 사람은 하와이에 자리한 한반도 지형 마을을...? &#39;한끼줍쇼&#39;,경상일보,4일 전,
92,"韓中 정상회담후… 中언론, 한한령 해제 가능성 언급",조선일보,4일 전,네이버뉴스
93,"153억 ＜우주＞ 낙찰 20대 송자호, 알고 보니 ‘카라’ 박규리 연인 | #김환기 #최고낙찰가",여성조선,4일 전,
94,은평한옥마을로 유명한 진관동은 서촌 북촌에 이어 최대… ˝한끼줍쇼˝,광명지역신문,4일 전,
95,"‘라디오스타’ 김영호, 암도 이겨낸 ‘기적의 산타클로스’…시청자 응원 &#39;봇물&#39;",스포츠조선,4일 전,네이버뉴스
96,"&#39;육종암 투병&#39; &#39;라스&#39; 김영호 &quot;수술 후 많이 좋아진 상태, 괜찮다고 말하고 싶어 출연&quot;",헤럴드POP,4일 전,네이버뉴스
97,"‘라디오스타’ 김영호, 암도 이겨낸 ‘기적의 산타클로스’",스포츠동아,4일 전,네이버뉴스
98,"&#39;라스&#39; 김영호, 육종암 이겨낸 &#39;기적의 산타&#39;→BTS 진 미담까지",싱글리스트,4일 전,
99,"&#39;라스&#39; 김영호, 암도 이겨낸 감동 스토리…기적의 산타클로스",스포츠서울,4일 전,네이버뉴스
100,"‘라디오스타’ 김영호, 육종암도 이겨낸 기적의 산타클로스",뉴스엔,4일 전,네이버뉴스
101,"&#39;라스&#39;, 김영호 암 이겨낸 사연→슬리피 &#39;BTS 진 미담&#39; 공개",뉴스1,4일 전,네이버뉴스
102,"‘라디오스타’ 김영호, “육종암 투병 중...호전된 상태”...쏟아지는 응원",텐아시아,4일 전,네이버뉴스
103,"다음 주 수요일(1일), 라디오스타에 &#39;롤 황제&#39; 페이커 뜬다",인사이트,4일 전,
104,"&#39;라디오스타&#39; 김영호, 암도 이겨낸 &#39;기적의 산타클로스&#39;..가슴 따뜻 스토리",서울경제,4일 전,네이버뉴스
105,&#39;라디오스타&#39; 육종암 투병 김영호 &quot;괜찮다고 말하고 싶어 출연 결심&quot;,한국경제,4일 전,네이버뉴스
106,"페이커 이상혁, 1월 1일 &#39;라디오스타&#39; 출연 &#39;롤덕후 김희철도 함께&#39;",엑스포츠뉴스,4일 전,네이버뉴스
107,“드디어...” 롤 팬이라면 꼭 봐야한다는 다음 주 &#39;라디오스타&#39; 게스트,위키트리,4일 전,
108,"&#39;라디오스타&#39; 김영호→주이, 시청자 웃고 울린 &#39;기적의 크리스마스&#39; 특집",OSEN,4일 전,네이버뉴스
109,"‘맛남의 광장’ 백종원, 김희철에 잔소리 폭격…내부분열 조짐[TV]",뉴스엔,4일 전,네이버뉴스
110,정동극장 &#39;궁:장녹수전&#39; 오는 28일 폐막,뉴스타운,4일 전,
111,"‘맛남의 광장’ 백종원, 김희철 향한 잔소리 폭격…티격태격 케미",스포츠동아,4일 전,네이버뉴스
112,&#39;맛남의 광장&#39; ‘잔소리’ 백종원 VS ‘행님(?) 탓’ 김희철…티격태격 케미 폭발,스포츠조선,4일 전,네이버뉴스
113,"&#39;라스&#39; 김영호, &quot;항암 치료중단&quot;…&#39;육종암&#39; 극복 감동스토리",한국경제TV,4일 전,네이버뉴스
114,"[투데이TV]&#39;맛남의 광장&#39; 백종원, 김희철에 잔소리 폭격..티격태격 케미 폭발",헤럴드POP,4일 전,네이버뉴스
115,&#39;육종암 투병&#39; 김영호 &quot;완치 아니지만 많이 좋아진 상태&quot;(라디오스타),티브이데일리,4일 전,
116,"‘맛남의 광장’ 백종원, 김희철에 잔소리 폭발...티격태격 내부 분열?",한국일보,4일 전,네이버뉴스
117,"‘맛남의 광장’ 백종원, 김희철에 핀잔…내부 분열 조짐?",텐아시아,4일 전,네이버뉴스
118,"착하고 재밌는 예능 ‘맛남의 광장’, 백종원과 김희철 케미도 관전포인트",헤럴드경제,4일 전,네이버뉴스
119,"태백시, 고령운전자 운전면허 반납 지원사업 추진",국제뉴스,4일 전,
120,"&#39;라디오스타&#39; 김영호, &#39;육종암&#39; 투병→크리스마스 밤 물들인 희망 메시지",MBC연예,4일 전,네이버뉴스
121,백종원 &quot;김동준 꽃미소만큼만&quot;VS김희철 &quot;이게 다 행님 탓&quot; 티격태격 케미 폭발,싱글리스트,4일 전,
122,‘맛남의 광장’ 백종원 ‘잔소리’ VS 김희철 ‘행님(?) 탓’…티격태격 내부 분열 조짐? [채널예약],스포츠경향,4일 전,네이버뉴스
123,"&#39;라디오스타&#39; 육종암 투병 김영호, &quot;수술 후 많이 좋아진 상태, 괜찮다고 말하고 싶어 출연 결심&quot;",스타데일리뉴스,4일 전,
124,"‘맛남의 광장’ 백종원·김희철, 분열 발생?…잔소리에 ‘행님탓’ 응수",TV리포트,4일 전,네이버뉴스
125,"정동극장 &#39;궁:장녹수전&#39;, 오는 12월 28일 공연 마지막으로 폐막",스타데일리뉴스,4일 전,
126,정선군 마을정비형 공공주택사업 2년연속 선정,국제뉴스,4일 전,
127,"&quot;내부 분열사태 발생?&quot;..&#39;맛남의 광장&#39; 백종원VS김희철, &#39;티격태격 케미&#39; 폭발[Oh!쎈 컷]",OSEN,4일 전,네이버뉴스
128,"페이커 이상혁 &#39;라디오스타&#39; 출연, &#39;롤 덕후&#39; 김희철 만난다",머니투데이,4일 전,네이버뉴스
129,"‘맛남의 광장’ 백종원, 김희철에 잔소리 폭격…내부 분열 조짐?",매일경제,4일 전,네이버뉴스
130,"‘페이커’ 이상혁, 라디오 스타 출연한다",쿠키뉴스,4일 전,
131,&#39;라디오스타&#39; 육종암 극복한 김영호 &quot;기억에 남을 크리스마스&quot;,UPI뉴스,4일 전,
132,"&#39;페이커&#39; 이상혁, &#39;라디오스타&#39; 출격",뉴스컬처,4일 전,
133,"&#39;맛남의 광장&#39; 백종원X김희철, 티격태격 케미 선사... 무한 잔소리",스타데일리뉴스,4일 전,
134,"SKT T1 페이커, 라디오스타 출연... 롤 대표 스타 페이커와 라디오스타 케미는",국제신문,4일 전,
135,김희철은 감자를 깎으며 지난주에 해봤다고 실력이! &#39;먹방&#39;,경상일보,4일 전,
136,"&#39;맛남의 광장&#39; 백종원X김희철, 다툼으로 만든 완벽 메뉴 공개",티브이데일리,4일 전,
137,&quot;오래도록 기억에 남을 크리스마스&quot;,경남데일리,4일 전,
138,"&#39;맛남의 광장&#39; 백종원 VS 김희철, 티격태격 &#39;케미&#39; 폭발 [TV스포]",스포츠투데이,4일 전,
139,"T1 &#39;페이커&#39; 이상혁, MBC 예능 &#39;라디오스타&#39; 출연",디스이즈게임,4일 전,네이버뉴스
140,"&#39;롤의 제왕&#39; 페이커, &#39;라스&#39; 뜬다…PD &quot;김희철, 팬심 출연…사인요청 줄 서&quot;",스포티비뉴스,4일 전,네이버뉴스
141,"&#39;맛남의 광장&#39; 백종원, 김희철에 잔소리 폭격..방송 4회 만에 내부 분열 사태",서울경제,4일 전,네이버뉴스
142,소고기 칼국수에 식초를 가득 넣으며 자신만의??? “맛남의 광장”,폴리뉴스,4일 전,
143,"&#39;페이커&#39; 이상혁, 1월 1일 MBC 예능 &#39;라디오스타&#39; 출연",데일리e스포츠,4일 전,네이버뉴스
144,생각이다라며 맛을 보게...? `맛남의 광장`,인사이트코리아,4일 전,
145,"‘라디오스타’ 육종암 투병 김영호, “아직 완치 아냐..많이 좋아진 상태”",브레이크뉴스,4일 전,
146,"&#39;맛남의 광장&#39; 백종원, 김희철에 잔소리 폭격…티격태격 케미",마이데일리,4일 전,네이버뉴스
147,"&#39;한끼줍쇼&#39; 박정아, 이상민 전부인 이혜영 언급 &quot;그 언니랑 함께 나온 적 있어&quot;",톱스타뉴스,4일 전,
148,"수와진의 사랑더하기 산타클로스, 태백지역 100가구에 생필품 전달",국제뉴스,4일 전,
149,사과를 잘게 잘라 만든??? &#39;맛남의 광장&#39;,업코리아,4일 전,
150,‘잔소리’ 백종원 VS ‘행님탓’ 김희철…‘맛남의 광장’ 내부 분열?,이데일리,4일 전,네이버뉴스
151,"5만 2,816명 관람한 정동극장 &#39;궁:장녹수전&#39; 오는 12월 28일 폐막",디지틀조선일보,4일 전,
152,[김희철의 위기관리] 오리무중인 푸틴의 러시아는 뜨거운 감자인가?,뉴스투데이,4일 전,
153,"월드스타 &#39;페이커&#39; 이상혁, &#39;라디오스타&#39; 출연한다",게임톡,4일 전,
154,&#39;맛남의 광장&#39; 백종원에게 100점 받을 멤버는?...각양각색 사과 요리 도전기,톱데일리,4일 전,
155,"게임계의 마이클 조던 &#39;페이커&#39; 이상혁, 라스 출연",문화뉴스,4일 전,
156,북경한국인회 창립 20주년 기념 및 송년회 개최,재외동포신문,4일 전,
157,"맛남의 광장 촬영지? 맛남의 광장, 백종원 김희철에 잔소리...내부 분열?",대구일보,4일 전,
158,"김희철 미운 우리 새끼, 이수근-신동-ITZY 만남...우주쪼꼬미 뮤직비디오 촬영",대구일보,4일 전,
159,"정동극장 &#39;궁:장녹수전&#39;, 28일 폐막··· 2년간 5만2천명 관람",뉴시스,4일 전,네이버뉴스
160,"수와진의 사랑더하기‧폐광지역 교육문화원, 사랑의 물품기탁",프레시안,3일 전,네이버뉴스
161,"&#39;맛남의 광장&#39; 김희철, 갑작스러운 파출소 行에 백종원 &#39;당황&#39;…덕유산 휴게소 편 재방송은?",톱스타뉴스,3일 전,
162,목요일 예능 &#39;맛남의 광장&#39; 새로운 기적 보이나?,금강일보,3일 전,
163,"&#39;라디오스타&#39; 프로게이머 페이커 이상혁, 순박한 미소로 &#39;눈길&#39;",톱스타뉴스,3일 전,
164,"&#39;맛남의 광장&#39; 백종원, 장수 한우×사과 컬래버 &#39;사태수육&#39;에 멤버들 감탄",중부일보,3일 전,
165,"&#39;맛남의 광장&#39; 김희철, 백종원에게 칵테일 쏟아… 현장 분위기는?",중부일보,3일 전,
166,맛남의 광장 손님 끊긴 이유는?…백종원 미소 머금고 김희철에 &quot;다음에 잘생긴 녀석이랑 해야겠는데?&quot;,한국스포츠통신,3일 전,
167,"‘맛남의 광장’ 김동준, 잘생김 가득한 루돌프로 변신",뉴스컬처,3일 전,
168,&#39;맛남의 광장&#39; 덕유산 휴게소에서 판매할 신 메뉴는? 장수 사과 활용 요리 개발,CBC뉴스,3일 전,
169,"&#39;미운 우리 새끼&#39; 김희철, 새벽에 고양이 집사일로 분주…네티즌 &quot;설리네 고블린?&quot; ",톱스타뉴스,3일 전,
170,"‘맛남의 광장’ 백종원, 김희철에 잔소리 폭격…내부 분열 조짐? [M+TV컷]",MBN,3일 전,네이버뉴스
171,"마산 자산동 주민자치위, 지역아동센터 위문 방문",경남매일신문,3일 전,
172,"&#39;맛남의 광장&#39; 4회, 장수한우X장수사과 태풍 3연타에 사과 가격 1/3로 폭락! &quot;향이 많이 나네&quot; 맛남사과피자의 반전 매력, 백종원표 &#39;사과조림&#39; 비법은? (1)",톱스타뉴스,3일 전,
173,"&#39;맛남의 광장&#39; 백종원, 동생들 위해 장수한우 볶음밥 조리 &quot;최고의 직원복지&quot;",스포티비뉴스,3일 전,네이버뉴스
174,"‘맛남의 광장’ 김동준, 백종원에 “장기 취직하겠다” 선언…왜?",MK스포츠,3일 전,네이버뉴스
175,"[★픽] &#39;맛남의 광장&#39; 백종원, 덕유산 휴게소 장수 한우국밥+사과피자 오전 장사 완료…위치 &#39;관심 ↑&#39;",톱스타뉴스,3일 전,
176,"김동준, 백종원표 한우볶음밥 점심에 “직원복지 좋아” 감탄",뉴스엔,3일 전,네이버뉴스
177,"&#39;맛남의 광장&#39; 4회, 사과즙X사과고추장 &#39;홍로&#39;의 대변신! &#39;부사&#39; 맛있게 먹는 꿀팁 대방출 ...&quot;제 뒤에 거상이 있어요&quot; 장수 사과즙 판로 새롭게 구축? (2)",톱스타뉴스,3일 전,
178,&#39;맛남의 광장&#39; 우목심의 재탄생 &#39;한우 불고기버거&#39;…김희철 대만족 [TV캡처],스포츠투데이,3일 전,
179,"[친절한 프리뷰] &#39;맛남의 광장&#39; 백종원, 사태 수육X장수 사과즙 완벽 컬래버…멤버들 감탄",아시아투데이,3일 전,
180,"&#39;맛남의 광장&#39; 김희철, 화려한 패딩 입고 &#39;전체 모자이크&#39; 폭소",뉴스1,3일 전,네이버뉴스
181,"&#39;맛남의 광장&#39; 양세형, 백종원의 냄비 우산에 심쿵 &#39;역시 백 조수&#39;",엑스포츠뉴스,3일 전,네이버뉴스
182,"&#39;맛남의광장&#39; 백종원, 김희철에 &quot;어디 가려고 하지마&quot;[★밤TView]",스타뉴스,3일 전,네이버뉴스
183,"&#39;맛남의광장&#39; 백종원, 김희철 사과칵테일 세례 &#39;봉변&#39;‥&quot;일부러 그랬지!&quot;",OSEN,3일 전,네이버뉴스
184,&#39;맛남의광장&#39;백종원의 장수한우 두 번째 메뉴 &#39;장수한우불고기버거&#39;,헤럴드POP,3일 전,네이버뉴스
185,"[종합]`맛남의 광장` 장수 한우 불고기 버거X멘보사과, 판매 개시",매일경제,3일 전,네이버뉴스
186,"&#39;맛남의 광장&#39; 김희철, 백종원에 봉변 안겨…사과 칵테일 만드려다 &#39;폭발사고&#39;",스포티비뉴스,3일 전,네이버뉴스
187,&#39;맛남의 광장&#39; 김동준 허니버터시나몬애플 VS 김희철 사과 칵테일 [TV캡처],스포츠투데이,3일 전,
188,"&#39;맛남의 광장&#39; 백종원, 양세형 &#39;사과 튀김&#39; 극찬…&quot;아이디어 좋아&quot;",뉴스1,3일 전,네이버뉴스
189,"[종합] &#39;맛남의 광장&#39; 4회, 멘보사과X한우불고기버거 백종원 겉바속촉 레시피 대공개! &quot;아름다워요&quot; 미미(美味)의 끝판왕! ...&quot;제 뒤에 거상&quot; 사과즙 판매루트 구축 방법은?",톱스타뉴스,3일 전,
190,"&#39;맛남의 광장&#39; 사과튀김 선보인 양세형…백종원 &quot;아이디어 좋아, 집에서 아이 간식&quot;",SBS funE,3일 전,네이버뉴스
191,"&#39;맛남의광장&#39; 태풍피해·비선호 부위로 만든, 장수표 &#39;멘보사과X한우불고기 버거&#39; 탄생 [Oh!쎈 리뷰]",OSEN,3일 전,네이버뉴스
192,양세형이 선보인 신메뉴 &#39;눈길&#39;,충청리뷰,3일 전,
193,"[종합]&#39;맛남의광장&#39;장수한우불고기버거,장수멘보사과 &#39;엄지척&#39;",헤럴드POP,3일 전,네이버뉴스
194,&#39;맛남의광장&#39; 장수 특산물 사과X한우의 변신→멘보사과x한우 불고기버거 &#39;완판&#39; [종합],OSEN,3일 전,네이버뉴스
195,"양세형X김동준, 멘보사과 인기 폭발...백종원 &quot;좋아&quot; 극찬 (맛남의 광장)",싱글리스트,3일 전,
196,"&#39;맛남의 광장&#39; 백종원, 양세형 멘보사과에 흡족…장수 사과·한우 살린 덕유산 휴게소[종합S]",스포티비뉴스,3일 전,네이버뉴스
197,"&#39;맛남의 광장&#39; 백종원표 한우버거·멘보사과, 뜨거운 관심 속 &#39;완판&#39;(종합)",뉴스1,3일 전,네이버뉴스
198,"[종합]&#39;맛남의광장&#39; 장수 특산물 멘보사과X한우버거, 전 세대 입맛 잡고 &#39;완판&#39;",스포츠조선,3일 전,네이버뉴스
199,"&#39;맛남의 광장&#39; 백종원, 장수 멘보사과X한우불고기버거도 &#39;완판&#39; [종합]",엑스포츠뉴스,3일 전,네이버뉴스
200,"&#39;맛남의 광장&#39; 멘보사과, 겉바속촉의 정석..손님들 엄지척!",한국경제,3일 전,네이버뉴스
201,"&#39;맛남의 광장&#39; 김희철, 모자이크 처리 뭐길래?",충청리뷰,3일 전,
202,"[TV먹방] ‘맛남의 광장’, 백종원 사과조림 활용한 멘보사과 만드는 방법은?",더셀럽,3일 전,
203,백종원 “내 뒤에 거상 있다”…사과즙 판로 자신감은 &#39;정용진 찬스&#39;?(맛남의 광장),세계일보,3일 전,네이버뉴스
204,"[스브스夜] &#39;맛남의 광장&#39; 장수 낙과 활용한 &#39;멘보사과&#39;, 덕유산휴게소 완판",SBS funE,3일 전,네이버뉴스
205,"&#39;맛남의 광장&#39; 촬영, 양세형 &quot;멘보 사과, 정말 아름다운 간식&quot;",AI타임스,3일 전,
206,"덕유산 휴게소에서 맛 볼 수 있는 멘보사과, 가격이?",국제신문,3일 전,
207,[부고] 이경애씨 外,중앙일보,3일 전,네이버뉴스
208,"&#39;맛남의 광장&#39; 백종원, 멘보사과·한우불고기버거 메뉴 선보여… 극찬 속 완판",경인일보,3일 전,
209,"‘맛남의 광장’ 백종원, 감자에 이은 사과 살리기 &quot;제 뒤에 거상있어&quot;",MTN,3일 전,
210,"&#39;맛남의광장&#39; 양세형, 신메뉴 사과튀김 개발...백종원 &quot;아이디어 좋아&quot; 호평",조이뉴스24,3일 전,
211,"‘맛남의 광장’ 백종원, 덕유산 휴게소에서 판매할 ‘멘보사과’ 개발!",MTN,3일 전,
212,"백종원,장수 사과 활용한 멘보샤+사과 조림 &#39;멘보사과&#39; 개발...덕유산휴게소서 완판 #맛남의 광장",뉴스인사이드,3일 전,
213,"&#39;맛남의광장&#39; 백종원, 사과농장주에 &quot;내 뒤에 거상 있다&quot; 자신만만",마이데일리,3일 전,네이버뉴스
214,&#39;맛남의광장&#39; 김희철 패딩 &#39;전체 모자이크&#39; 왜?,마이데일리,3일 전,네이버뉴스
215,"‘맛남’ 김희철, 패딩 탓 상반신 모자이크 굴욕 ‘폭소’ [결정적장면]",뉴스엔,3일 전,네이버뉴스
216,"‘맛남’ 백종원 옷 수난시대, 김희철 칵테일에 봉변 [결정적장면]",뉴스엔,3일 전,네이버뉴스
217,"‘맛남의 광장’ 백종원, 불고기버거+멘보사과로 휴게소 접수 [어제TV]",뉴스엔,3일 전,네이버뉴스
218,"[RE:TV] &#39;맛남의 광장&#39; 김희철, 사과 칵테일로 웃음 빵빵…&quot;편집 원해&quot;",뉴스1,3일 전,네이버뉴스
219,"&#39;맛남의 광장&#39; 백종원X김희철, 티격태격 케미에 웃음꽃 &quot;네 탓&quot; [전일야화]",엑스포츠뉴스,3일 전,네이버뉴스
220,&#39;맛남의 광장&#39; 장수 특산물 완판 클리어→레벌UP된 실력으로 &#39;영천行&#39; [어저께TV],OSEN,3일 전,네이버뉴스
221,"[어게인TV]&#39;맛남의광장&#39;장수 사과 66세농민, 초동안 비결은 장수 사과? 66년생 말띠 백종원과 띠동갑",헤럴드POP,3일 전,네이버뉴스
222,&#39;맛남의 광장&#39; 장수 한우버거+멘보사과 완판...나날이 뿌듯한 농벤져스 [콕TV],TV리포트,3일 전,네이버뉴스
223,&#39;맛남의 광장&#39; 김희철 &quot;울적했던 마음 풀려&quot; 사연 무엇?,충청리뷰,3일 전,
224,"송가인·정미애 화제성에도…&#39;해투4&#39;, &#39;맛남의 광장&#39;에 밀렸다",티브이데일리,3일 전,
225,"&#39;맛남의 광장&#39; 김희철, 김동준과 외모비교한 백종원에 &quot;얼굴은 행님탓&quot; [핫TV]",OSEN,3일 전,네이버뉴스
226,"&#39;맛남의 광장&#39; PD &quot;백종원, 진정성 중요하게 생각…존경한다&quot; [엑&#39;s 인터뷰②]",엑스포츠뉴스,3일 전,네이버뉴스
227,백종원 매직 또 통했다 ‘맛남의광장’ 4회만에 시청률 두자리,뉴스엔,3일 전,네이버뉴스
228,&#39;맛남의광장&#39; 멘보사과X한우 불고기버거도 동나…손님 &#39;극찬&#39;[TV핫샷],스포티비뉴스,3일 전,네이버뉴스
229,&#39;맛남의 광장&#39; 방송 4회 만에 시청률 두 자릿 수 돌파…분당 최고 10.1%,스포츠조선,3일 전,네이버뉴스
230,"[간밤의 TV] &#39;맛남의 광장&#39;, 멘보 사과 X 한우 불고기버거 ‘시선 강탈’···10.1% ‘최고의 1분’",아주경제,3일 전,
231,&#39;맛남의 광장&#39; 방송 4회만에 시청률 두자릿 수...착한예능의 성공 예,싱글리스트,3일 전,
232,&#39;맛남의 광장&#39; 멘보 사과X한우 버거 군침자극 &#39;분당 최고 10.1% 돌파&#39; [어젯밤TV],마이데일리,3일 전,네이버뉴스
233,‘맛남의 광장’ 멘보 사과X한우 불고기 버거 군침 자극 ‘최고의 1분’ 10.1%,OSEN,3일 전,네이버뉴스
234,"‘맛남의 광장’, 4회 만에 시청률 두 자릿 수...‘시선 강탈’ 불고기버거 ‘최고의 1분’",텐아시아,3일 전,네이버뉴스
235,"‘맛남의 광장’, 군침자극 멘보 사과X한우 불고기버거 비주얼…최고 시청률 10.1%",한국일보,3일 전,네이버뉴스
236,"&#39;맛남의 광장&#39; 백종원, &#39;멘보 사과&#39;에 양세형 감탄..10.1%로 인기 입증",헤럴드POP,3일 전,네이버뉴스
237,"&#39;맛남의 광장&#39;, 4회 만에 시청률 두자릿 수 돌파…진정성 통했다",스포츠서울,3일 전,네이버뉴스
238,&#39;맛남의 광장&#39; 장수 사과 살리기…또 시청률 상승 8.2%,뉴스1,3일 전,네이버뉴스
239,"‘맛남의 광장’ 멘보 사과X한우 불고기버거, 시청자 ‘군침 자극’…10.1% ‘최고의 1분’ 등극 [간밤TV]",스포츠경향,3일 전,네이버뉴스
240,‘맛남의 광장’ 한우버거X멘보사과 완판…장수 특산물의 ‘맛’ 향연 [간밤TV],스포츠경향,3일 전,네이버뉴스
241,"&#39;맛남의광장&#39; 백종원, 이번엔 사과...&quot;제 뒤에 거상있다&quot;",이데일리,3일 전,네이버뉴스
242,[E!시청률] &#39;맛남의 광장&#39; 멘보사과+한우불고기버거 분당 최고 10.1% 돌파,스포츠한국,3일 전,
243,[부고] 김수선(장신대 교수)씨 모친상,베리타스알파,3일 전,
244,"&#39;맛남의 광장&#39;, 멘보 사과X한우 불고기 버거 &#39;완판&#39;…시청률도 고공행진",엑스포츠뉴스,3일 전,네이버뉴스
245,&#39;맛남의 광장&#39; 백종원 매직 통했다…한우버거·멘보사과 완판 [종합],이데일리,3일 전,네이버뉴스
246,‘맛남의 광장’ 백종원 멘보 사과X한우 불고기버거 완판...최고 10.1%,매일경제,3일 전,네이버뉴스
247,시청자 사로잡은 착한 예능 ‘맛남의 광장’…시청률 X 화제성 고공행진,TV리포트,3일 전,네이버뉴스
248,"‘맛남의 광장’, 분당 최고 시청률 10.1%… 목요 예능 강자 등극",국제신문,3일 전,
249,"4회 만에 시청률 고공행진…‘맛남의 광장’, 제대로 터졌다.",스포츠월드,3일 전,네이버뉴스
250,말기 환자도 수술 가능한 시대… 사망률 세계 최저,헬스조선,3일 전,네이버뉴스
251,"백종원 직원복지 주목, 김동준 “백종원 한우볶음밥=직원복지”",스포츠동아,3일 전,네이버뉴스
252,"[TV북마크] ‘맛남의 광장’ 멘보 사과X한우 불고기버거, 시선 강탈 비주얼 10.1%",스포츠동아,3일 전,네이버뉴스
253,‘맛남의 광장’ 멘보 사과 X 한우 불고기버거 ‘군침 자극’,헤럴드경제,3일 전,네이버뉴스
254,"[팝업TV]&quot;한우버거→멘보사과&quot;..&#39;맛남의 광장&#39; 백종원, 농가도 맛도 살린 진짜 애국자",헤럴드POP,3일 전,네이버뉴스
255,‘맛남의 광장’ 방송 4회 만에 시청률 두 자릿 수 돌파..착한 예능의 힘,서울경제,3일 전,네이버뉴스
256,&#39;맛남의 광장&#39; 전북 장수 사과의 변신은 무죄...자체 최고 8.2%,YTN,3일 전,네이버뉴스
257,"&#39;맛남의 광장&#39; 시청률 고공행진, 실패 없는 백종원 예능",스포츠투데이,3일 전,
258,‘藝人 장녹수’ 재조명한 무용극… 2년간 대장정 마무리,문화일보,3일 전,네이버뉴스
259,&#39;맛남의 광장&#39; 백종원 극찬한 양세형 &#39;사과도넛&#39;은?..사과+튀김+계피가루+메이플시럽,뉴스인사이드,3일 전,
260,&#39;맛남의 광장&#39; 한우불고기 버거·멘보사과 완판… 모양새보니,머니S,3일 전,네이버뉴스
261,"&#39;맛남의 광장&#39; PD &quot;시청률 상승, 농산물 판매로 이어지길..멘보사과 맛 역대급&quot; [직격인터뷰]",OSEN,3일 전,네이버뉴스
262,"‘맛남의 광장’ 완판, 궁금한 그맛 ‘사진만으로 군침이..’",서울신문,3일 전,네이버뉴스
263,"&#39;맛남의 광장&#39;, 4회 만에 시청률 두 자릿 수 돌파... 한우+사과 장사 성공",스타데일리뉴스,3일 전,
264,‘맛남의 광장’ 방송 4회만 두자릿수 돌파…최고 10.1% [MK★TV시청률],MK스포츠,3일 전,네이버뉴스
265,“춤까지 췄는데…” 추워서 받은 패딩으로 &#39;뜻밖의&#39; 결말 맞은 김희철,위키트리,3일 전,
266,&#39;맛남의 광장&#39; 한우와 사과의 변신은 무죄...백종원 &#39;특급 레시피&#39; 공개 [엑&#39;s 리뷰],엑스포츠뉴스,3일 전,네이버뉴스
267,"&#39;맛남의 광장&#39;, 백종원의 매직ing…한우 불고기 버거X멘보 사과 &#39;완판&#39; 행진 [SC리뷰]",스포츠조선,3일 전,네이버뉴스
268,"맛남의 광장 백종원, ‘사과 피자·멘보사과’ 만드는법... 사과조림 레시피알면 뚝딱",리서치페이퍼,3일 전,
269,"AOA 찬미, 금수저 재조명…김영철 &quot;찬미 母, 구미서 엄청 유명해&quot; 왜?",중부일보,3일 전,
270,[친절한 리뷰] &#39;맛남의 광장&#39; 멘보 사과X한우 불고기버거 군침 자극하며 최고의 1분 등극,아시아투데이,3일 전,
271,"&#39;맛남의 광장&#39; 양세형, 사과 튀김 레시피 공개…백종원 극찬→덕유산 휴게소 PICK",톱스타뉴스,3일 전,
272,"백종원 직원복지, 볶음밥에 한우 넣는 직장이라니 [맛남의 광장]",부산일보,3일 전,네이버뉴스
273,"‘맛남의 광장’ PD “시청률 10% 돌파, 농수산물 홍보돼 기뻐” [직격인터뷰]",MK스포츠,3일 전,네이버뉴스
274,‘맛남의 광장’ 보기 좋은 음식이 먹기도 좋다는데…[TV보고서],뉴스엔,3일 전,네이버뉴스
275,“혹시 PPL...?” 방송 중 갑자기 백종원 차 트렁크서 나온 &#39;소지품&#39;,위키트리,3일 전,
276,"김희철, 인스타그램 속 근황에 관심 UP &#39;여신인 줄&#39;",인터뷰365,3일 전,
277,"백종원 직원복지, 한우볶음밥에 김동준·양세형·김희철 `감동`",매일경제,3일 전,네이버뉴스
278,"백종원 직원복지, 더본코리아 연봉 얼마길래?",충청리뷰,3일 전,
279,&#39;눈사랑 그리고 환희&#39; 제27회 태백산 눈축제 1월10일 개최,국제뉴스,3일 전,
280,백종원 직원복지 클래스…볶음밥에 ‘한우’ 실화인가요,스포츠동아,3일 전,네이버뉴스
281,"수와진의 사랑더하기 산타클로스, 정선군 50가구에 생필품 전달",국제뉴스,3일 전,
282,"백종원 직원복지, 감동이 절로",메트로신문,3일 전,
283,"&#39;맛남의 광장&#39; 백종원, 김희철에게 무한 잔소리… 티격태격 케미 폭발!",인천일보,3일 전,
284,백종원 직원복지에 엄지 척…직원 한정 요리까지 선사,한국경제,3일 전,네이버뉴스
285,올해의 예능인으로 주저 없이 백종원을 꼽는 까닭,엔터미디어,3일 전,
286,"&#39;아는형님&#39; 2019 종업식, 미공개 영상·BEST 명장면 대방출",글로벌이코노믹,2일 전,
287,공익제보 징계가 극단적 선택 가져와,국제뉴스,2일 전,
288,"오하영 나이, 조이-예린과는? &quot;김희철 이상형은 처음 본 남자, 나는..&quot;",리서치페이퍼,2일 전,
289,백종원 직원복지 수준 어떻길래? 일하기 좋은 직장 &#39;맛남의 광장&#39;,인터뷰365,2일 전,
290,"&#39;미운 우리 새끼&#39; 규현, 코 성형했냐는 물음에 &quot;우리 엄마도 그러더라&quot;",톱스타뉴스,2일 전,
291,"[빅데이터 분석]&quot;예능 방송인 브랜드평판 2019년 12월 빅데이터 분석결과...1위 유재석, 2위 강호동, 3위 이경규&quot; ",블록체인밸리,2일 전,
292,"[TF초점] &#39;맛남의 광장&#39;, 시청자 사로잡은 선한 맛",더팩트,2일 전,네이버뉴스
293,백종원 직원 복지 클래스 도대체 어떻길래?... “볶음밥+한우 실화?”,한스경제,2일 전,
294,"김영호, 육종암 이겨낸 감동 스토리 공개",광주매일신문,2일 전,
295,e스포츠 레전드 ‘페이커’ 이상혁 ‘라스’ 뜬다‥뜻밖의 예능감 대방출,뉴스엔,2일 전,네이버뉴스
296,"&#39;페이커&#39;의 &#39;라디오스타&#39; 정복, 예능 도우미 김희철",뉴스컬처,2일 전,
297,‘라디오스타’ e스포츠 레전드 ‘페이커’ 이상혁 첫 출전,광주매일신문,2일 전,
298,"&#39;페이커&#39; 이상혁, &#39;라스&#39; 출격…게임보다 험난한 예능 신고식 (ft. 김희철)",OSEN,2일 전,네이버뉴스
299,"[DA:클립] 페이커 이상혁, ‘라스’ 첫 출연 “내 얘기 많이 해달라”",스포츠동아,2일 전,네이버뉴스
300,"&#39;e스포츠 레전드&#39; 페이커, 게임보다 험난한 &#39;라스&#39; 정복기...티저 공개",YTN,2일 전,네이버뉴스
301,"&#39;라디오스타&#39; 페이커 이상혁, 게임보다 험난한 &#39;라스&#39; 정복의 길(ft.김희철)",싱글리스트,2일 전,
302,백종원 &#39;맛남의 광장&#39;서 장수 사과 살리기,충청리뷰,2일 전,
303,‘페이커’ 이상혁 &#39;라스&#39; 출연! 안영미 가슴 총 발사에 동공 지진!,마이데일리,2일 전,네이버뉴스
304,‘라디오스타’ e스포츠 레전드 ‘페이커’ 이상혁 첫 출연! 스페셜 티저 공개,한국일보,2일 전,네이버뉴스
305,"&#39;라스&#39; 김영호, 육종암 이겨낸 &#39;기적의 산타클로스&#39;…장동윤, 안영미 19금 발언에 멘붕",CBC뉴스,2일 전,
306,‘라스’ e스포츠 레전드 ‘페이커’ 이상혁 첫 출전 스페셜 티저 공개,쿠키뉴스,2일 전,
307,"&#39;페이커&#39; 이상혁, &#39;라디오스타&#39; 뜬다…김희철 팬심 폭발",TV리포트,2일 전,네이버뉴스
308,"e스포츠 레전드 ‘페이커’ 이상혁, 새해 맞아 ‘라스’에 뜬다! 김희철, 최고의 서포터 자처",MBC연예,2일 전,네이버뉴스
309,"김희철 고양이, 설리 고양이? 누리꾼 질문에 “비밀”",리서치페이퍼,2일 전,
310,"김구라가 “언제까지 할 것 같냐”고 페이커에게 묻자, 옆에 있던 김희철이 한 말",위키트리,1일 전,
311,페이커 &#39;라스&#39; 방송 출연해 그동안 롤 팬 최대 관심사였던 &#39;연봉&#39; 공개한다,인사이트,1일 전,
312,"[2019 SBS 연예대상] ITZY, 축하무대로 오프닝 장식 &#39;김희철·이승기·양세찬 환호&#39;",마이데일리,1일 전,네이버뉴스
313,"&#39;SBS연예대상&#39; 1부, 2019 &#39;예능의 왕좌&#39;를 채우는 화려한 프로그램 라인업! ...잇지(ITZY) &#39;달라달다&#39; 화려한 오프닝 무대 채워 (1)",톱스타뉴스,1일 전,
314,"박나래, &#39;2019 SBS 연예대상&#39; MC 소감 &quot;SBS, 도박일 수도&quot; [스타이슈]",스타뉴스,1일 전,네이버뉴스
315,"&#39;SBS 연예대상&#39; 양세형, 과거 진실게임 박나래 영상에 &quot;개그우먼으로 성공할 관상&quot;",SBS funE,1일 전,네이버뉴스
316,"&#39;2019 SBS 연예대상&#39; 최민용X정인선, 신인상 수상 &quot;감개무량하고 감사&quot;",스타뉴스,1일 전,네이버뉴스
317,"이수근 “전현무, 장성규 때문에 위축‥바짝 해야해” 지적 폭소",뉴스엔,1일 전,네이버뉴스
318,"&#39;아는형님&#39; 211회, &#39;따따따상&#39; 조정석X윤아 &quot;오면 진짜 그게 대박인데&quot; 영상으로 감사인사 전해 ...&quot;JTBC가 내 뿌리지&quot; 장성규 프리선언 소감 깜짝 공개 (1)",톱스타뉴스,1일 전,
319,"[2019 SBS 연예대상] 소이현X배성재 아나, DJ상 수상 &quot;청취자 ♥&quot;",스타뉴스,1일 전,네이버뉴스
320,"[2019 SBS 연예대상] 이상민, &#39;베커상&#39; 수상 &quot;탁재훈, 정신 차리고 열심히다&quot;",스타뉴스,1일 전,네이버뉴스
321,"&#39;아는형님&#39; 강호동, 2019 아형 연기대상 수상 호프닝(호동이오프닝)연기의 대가 [Oh!쎈 리뷰]",OSEN,1일 전,네이버뉴스
322,"&#39;2019 SBS 연예대상&#39; 허재X이태곤X김동준, &#39;챌린저상&#39; 수상 &quot;내년에 또..&quot; [스타이슈]",스타뉴스,1일 전,네이버뉴스
323,"&quot;행복한 커플 되겠다&quot;...&#39;SBS 연예대상&#39; 이상민X탁재훈, 베스트커플상 수상",스포츠서울,1일 전,네이버뉴스
324,&#39;2019 SBS 연예대상&#39; 이윤지 &quot;가족의 이름으로 &#39;패밀리상&#39;..의미 有&quot; [스타이슈],스타뉴스,1일 전,네이버뉴스
325,김동준 &quot;이나은 &#39;맛남의 광장&#39; 초대하고파...일손 부족해&quot;(SBS 연예대상),싱글리스트,1일 전,
326,"[2019 SBS 연예대상] 양세형, &#39;명예사원상&#39; 수상..부상으로 사원증 획득",스타뉴스,1일 전,네이버뉴스
327,"`아는 형님` 김희철X김영철, 괴기대상·많이 만났대상 수상",매일경제,1일 전,네이버뉴스
328,"&#39;아는형님&#39; 이상민 &#39;추억은 방울방울상&#39; 수상 &quot;추억, 내게 남아있는 것 중에 비싼 것&quot;",더셀럽,1일 전,
329,"&#39;아는형님&#39; 211회, 김서형X오나라 최고 시청률 &#39;많이 봤상&#39; 출연 회차는? ...&quot;얘들아 안녕&quot; 오나라 형님학교 등장에 깜짝! &#39;학교장 장 티처&#39; 장성규의 반전매력 공개 (2)",톱스타뉴스,1일 전,
330,[2019 SBS 연예대상] 하하 &quot;내심 서운..&#39;엔터테이너상&#39;으로 위로 감사&quot;,스타뉴스,1일 전,네이버뉴스
331,지석진 ‘런닝맨’ 글로벌 프로그램상 수상에 “대상 아닌가보다”[SBS 연예대상],뉴스엔,1일 전,네이버뉴스
332,&#39;2019 SBS 연예대상&#39; 지석진 &quot;해외 &#39;런닝맨&#39; 팬+시청자에게 상 드릴 것&quot; [스타이슈],스타뉴스,1일 전,네이버뉴스
333,[2019 SBS 연예대상] 하하 “내심 서운했지만… 위로해주셔서 감사하다”,머니S,1일 전,네이버뉴스
334,&#39;아는 형님&#39; 오나라와 함께한 종업식…김영철→이수근 눈물 바다 [종합],엑스포츠뉴스,1일 전,네이버뉴스
335,"[종합] &#39;아는형님&#39; 211회, &#39;아형-연기대상&#39; 강호동 수상에 울컥! 오나라 &#39;많이 봤상&#39; 수상위해 깜짝 등장! &quot;장훈아 양말 바꿔 신자&quot; 서장훈 기겁하며 도망, 김희철 &#39;JTBC 시상식&#39;에 기대감 드러내",톱스타뉴스,1일 전,
336,"[종합] `아는 형님` 형님들, 장성규X신동X오나라와 함께 훈훈한 2019 종업식",매일경제,1일 전,네이버뉴스
337,[2019 SBS 연예대상] 역시 런닝맨!… ‘글로벌 프로그램상’ 수상,머니S,1일 전,네이버뉴스
338,&#39;아는 형님&#39; 김영철 김희철 이수근 &#39;칭찬해상&#39; 시상中 눈물 [TV캡처],스포츠투데이,1일 전,
339,선우용녀 &#39;2019 SBS 연예대상&#39; 시상자로 등장 &quot;뭐야뭐야뭐야~&quot;,티브이데일리,1일 전,
340,"&#39;아는형님&#39; 김영철, &#39;칭찬해상&#39; 후보에 눈물바다..감동의 종업식 [★밤TView]",스타뉴스,1일 전,네이버뉴스
341,"[2019 SBS 연예대상] &#39;집사부일체&#39;, 팀워크상..이승기 &quot;내년에 새 멤버 합류&quot;",스타뉴스,1일 전,네이버뉴스
342,"&#39;SBS 연예대상&#39;, &#39;집사부일체&#39; 베스트 팀워크상...이승기 &quot;내년 새 멤버 합류&quot;",스포츠서울,1일 전,네이버뉴스
343,"장예원, 양세형·김희철 사이 홍일점…아이돌 같은 상큼美 자랑",아시아투데이,1일 전,
344,"장예원, 양세형X김희철과 화기애애…환한 미소 [M+★SNS]",MBN,1일 전,네이버뉴스
345,"백종원·김병만·유재석·이승기·김종국·김구라·신동엽·서장훈, 대상 후보 공개 [2019 SBS 연예대상]",OSEN,1일 전,네이버뉴스
346,"장예원, 김희철·양세형과 인증샷…다정한 분위기 [똑똑SNS]",MK스포츠,1일 전,네이버뉴스
347,&#39;2019 SBS 연예대상&#39; 백종원 &quot;난 연예인 아냐..대상 줘도 안 받을 것&quot; [스타이슈],스타뉴스,1일 전,네이버뉴스
348,"신동엽·백종원·유재석, SBS 연예대상 후보 3人 확정…겸손 소감",한국일보,1일 전,네이버뉴스
349,"&#39;SBS 연예대상&#39; 김희철 &quot;대상 후보 백종원의 킹 메이커, 작년은 홍탁집…올해는 나&quot;",SBS funE,1일 전,네이버뉴스
350,&#39;2019 SBS 연예대상&#39; 대상 후보자는 신동엽·백종원·유재석,아시아투데이,1일 전,
351,&#39;SBS 연예대상&#39; 백종원 &quot;대상? 저는 연예인 아니야...안 받을 것&quot;,스포츠서울,1일 전,네이버뉴스
352,"&#39;SBS연예대상&#39; 2부, 신동엽X백종원X유재석 대상후보 공개! 백종원 2년째 연속 노미네이트 ...&quot;이젠 때가 됐다&quot; 후보자들의 포부는? &quot;극구 부인하다가 상 받는 경우 허다&quot; 신동엽 촉 적중률은? (2)",톱스타뉴스,1일 전,
353,&#39;2019 SBS 연예대상&#39; 백종원 &quot;최우수 프로 &#39;골목식당&#39;..기대에 부응할 것&quot; [스타이슈],스타뉴스,1일 전,네이버뉴스
354,"김완선, 나이 잊은 섹시미..요즘 아이돌 안 부러운 비주얼",한국목재신문,1일 전,
355,"[2019 SBS 연예대상] 김희철·윤상현·양세찬·이상윤, 우수상 수상",마이데일리,1일 전,네이버뉴스
356,"‘미우새-맛남’ 김희철 ‘동상이몽’ 윤상현, 리얼리티쇼 우수상[SBS 연예대상]",뉴스엔,1일 전,네이버뉴스
357,"&#39;2019 SBS 연예대상&#39; 김희철X윤상현, 우수상 수상 &quot;시청자분들 감사해&quot;",스타데일리뉴스,1일 전,
358,"[2019 SBS 연예대상] 김희철, 우수상 수상…&quot;얼굴말고 가진 거 없던 나, 이수만 선생님이 이끌어주셔&quot;",마이데일리,1일 전,네이버뉴스
359,"[2019 SBS 연예대상] 김희철 윤상현 양세찬 이상윤, 우수상 수상",매일경제,1일 전,네이버뉴스
360,"[2019 SBS 연예대상] 김희철X윤상현X양세찬X이상윤, 우수상 &#39;영광&#39;",스타뉴스,1일 전,네이버뉴스
361,"[2019 SBS 연예대상]김희철·윤상현·양세찬·이상윤, 우수상",일간스포츠,1일 전,네이버뉴스
362,‘우수상’ 김희철·이상윤·윤상현·양세찬 “고생하는 제작진에 감사”[SBS 연예대상],MK스포츠,1일 전,네이버뉴스
363,"[2019 SBS 연예대상] 우수상 윤상현 &quot;죽을 때까지 사랑할 메이비, 감사해&quot;",마이데일리,1일 전,네이버뉴스
364,[SBS 연예대상] 김희철·윤상현·양세찬·이상윤 우수상,뉴스1,1일 전,네이버뉴스
365,[2019 SBS 연예대상]이상윤·양세찬·김희철·윤상현 우수상,뉴시스,1일 전,네이버뉴스
366,[2019 SBS 연예대상] 우수상 주인공은 김희철·윤상현·양세찬·이상윤,머니S,1일 전,네이버뉴스
367,"&#39;SBS 연예대상&#39; 홍진영, 최우수상 수상...&quot;올해 힘들었다&quot; 눈물",스포츠서울,1일 전,네이버뉴스
368,"&#39;2019 SBS 연예대상&#39; 홍진영, 김종국과 최우수상 &quot;올해 힘들었지만..&quot; 눈물 [별별TV]",스타뉴스,1일 전,네이버뉴스
369,"[2019 SBS 연예대상] 최우수상 홍진영, 눈물의 수상소감 “올해 정말 힘들었다”",뷰어스,1일 전,
370,"[2019 SBS 연예대상] 김희철 우수상 &quot;얼굴 말고 가진게 없던 나…이수만, 팬들에 감사&quot;",이데일리,1일 전,네이버뉴스
371,"[2019 SBS 연예대상] 김희철·윤상현, 리얼리티쇼 부문 우수상",텐아시아,1일 전,네이버뉴스
372,[2019 SBS 연예대상]김희철·윤상현·이상윤·양세찬 우수상…&quot;제작진에 영광&quot;(종합),이데일리,1일 전,네이버뉴스
373,‘2019 SBS 연예대상’ 우수상 김희철-윤상현-양세찬-이상윤,노컷뉴스,1일 전,네이버뉴스
374,"[2019 SBS 연예대상] 이승기 &quot;&#39;집사부일체&#39;, 형제愛로 버텨왔다&quot;",스타뉴스,1일 전,네이버뉴스
375,"청하 축하무대, 안혜경-최성국 섹시댄스 시선강탈(SBS 연예대상)",싱글리스트,1일 전,
376,[2019 SBS 연예대상] &#39;공로상&#39; 백종원 &quot;희망 볼 수 있게 해드리겠다&quot;,스타뉴스,1일 전,네이버뉴스
377,"백종원, ‘SBS 연예대상’ 공로상 “힘 닫는 데까지 희망 드리겠다”",한국일보,1일 전,네이버뉴스
378,"&#39;SBS연예대상&#39; 유재석, 대상+&#39;런닝맨&#39; 6관왕 싹쓸이…백종원 공로상[종합]",TV리포트,1일 전,네이버뉴스
379,"[2019 SBS 연예대상] 유재석, 4년만 영예의 대상…백종원은 &#39;공로상&#39;(종합)",스포츠조선,1일 전,네이버뉴스
380,"[2019 SBS 연예대상]유재석, 영광의 대상 주인공(종합)",일간스포츠,1일 전,네이버뉴스
381,"[2019 SBS 연예대상] &#39;런닝맨&#39; 유재석, 4년만에 대상 수상…무관의 제왕 백종원은 공로상 [종합]",마이데일리,1일 전,네이버뉴스
382,"[2019 SBS 연예대상]&#39;런닝맨&#39; 유재석, 4년만 영예의 대상..백종원은 공로상(종합)",헤럴드POP,1일 전,네이버뉴스
383,[SBS 연예대상] 유재석 대상 수상..백종원 공로상,한스경제,1일 전,
384,"&#39;2019 SBS 연예대상&#39; 유재석, 4년 만에 대상 &quot;구하라·설리 생각난다&quot; [종합]",티브이데일리,1일 전,
385,"[2019 SBS 연예대상] 유재석 대상 수상, 4년만에 웃었다...&quot;故설리 구하라 추모&quot; [종합]",매일경제,1일 전,네이버뉴스
386,"유재석, 4년 만에 &#39;대상&#39;…&quot;故설리‧구하라 떠올라, 편히 쉬길&quot; (종합) [2019 SBS 연예대상]",OSEN,1일 전,네이버뉴스
387,"&#39;SBS 연예대상&#39; 유재석, 통산 15번째 대상…유력후보 백종원 공로상(종합)",조이뉴스24,1일 전,
388,유재석 4년만 대상 ‘런닝맨’ 게스트 故설리-구하라 애도[SBS 연예대상 종합],뉴스엔,1일 전,네이버뉴스
389,[종합] &#39;2019 SBS연예대상&#39; 유재석 대상 수상! 설리X구하라 언급 &quot;두 분도 하늘나라에서 편안하게&quot; 눈시울 붉혀 ...&quot;선거 때만 잘 하는 정치인 같아&quot; 주병진 일침,톱스타뉴스,1일 전,
390,"[2019 SBS 연예대상] 유재석, 4년만 대상 &quot;故구하라·설리, 진심으로 감사&quot; [종합]",스타뉴스,1일 전,네이버뉴스
391,"유재석, &#39;런닝맨&#39;으로 2019 SBS 연예대상 수상…4년만 대상 탈환",중부일보,1일 전,
392,"10주년 앞둔 ‘런닝맨’ 유재석, 4년 만에 SBS 연예대상 수상 [종합]",한국일보,1일 전,네이버뉴스
393,"[2019 SBS 연예대상] 유재석, 대상 수상 &quot;故 설리·구하라 생각 많이 나…평안하시길&quot;",미디어펜,1일 전,
394,"[S종합] &#39;2019 SBS 연예대상&#39; 유재석, 4년 만에 대상 &quot;&#39;런닝맨&#39; 곧 10주년... 큰 상 감사&quot;",스타데일리뉴스,1일 전,
395,"[SBS 연예대상]유재석, 4년 만에 대상..백종원 공로상+김구라 일침",뉴스컬처,1일 전,
396,유재석 대상 “故설리·구하라 생각나”…김구라 일침도 빛났다(종합)[SBS 연예대상],MK스포츠,1일 전,네이버뉴스
397,"&#39;SBS 연예대상&#39; 유재석, &#39;런닝맨&#39;으로 4년 만에 대상...백종원은 공로상[종합]",스포츠서울,1일 전,네이버뉴스
398,[SBS 연예대상] 유재석 4년만에 대상·&#39;런닝맨&#39; 6관왕…백종원 공로상(종합),뉴스1,1일 전,네이버뉴스
399,"유재석, 4년 만에 대상 기쁨 &quot;10주년 앞둔 &#39;런닝맨&#39;, 더 발전하겠다&quot; [SBS 연예대상](종합)",엑스포츠뉴스,1일 전,네이버뉴스
400,"2019 SBS 연예대상, 유재석… 수상자 명단(종합)",머니S,1일 전,네이버뉴스
401,&#39;2019 연예대상&#39; 유재석 대상 &quot;구하라 설리 씨 많이 생각나&quot; [종합],스포츠투데이,1일 전,
402,"［2019 SBS 연예대상］유재석, 대상 수상..“故설리·구하라 하늘서 편안하길”",브레이크뉴스,1일 전,
403,"&#39;SBS 연예대상&#39; 대상 유재석 &quot;구하라·설리, 하늘에서 편안하길&quot;",노컷뉴스,1일 전,네이버뉴스
404,"유재석, 4년 만에 SBS 연예대상 &#39;깜짝&#39; 수상",연합뉴스,1일 전,네이버뉴스
405,"김구라, &#39;SBS 연예대상&#39;서 날린 일침 &quot;이제는 물갈이 해야할 때&quot; [★NEWSing]",스타뉴스,1일 전,네이버뉴스
406,"유재석, SBS 연예대상 수상…&quot;故설리·구하라, 이젠 편안하길&quot;",디스패치,1일 전,네이버뉴스
407,"유재석, 2019 SBS연예대상 &quot;아내 나경은 감사&quot;···백종원 공로상(종합)",뉴시스,1일 전,네이버뉴스
408,"[2019 SBS 연예대상] 유재석, &#39;런닝맨&#39; 10주년 앞두고 대상 영예 (종합)",스포츠한국,1일 전,
409,"유재석, 4년 만에 &#39;SBS 연예대상&#39; 대상..6번째",더팩트,1일 전,네이버뉴스
410,"&#39;SBS 연예대상&#39; 유재석, 대상 수상 &quot;故설리·구하라에게 감사...편안하길&quot;",스포츠서울,1일 전,네이버뉴스
411,"유재석, ‘런닝맨’으로 4년 만에 ‘SBS 연예대상’… 비연예인 백종원은 공로상",쿠키뉴스,1일 전,
412,"[2019 SBS 연예대상] 유재석, 4년 만에 대상 영예...백종원은 공로상 (종합)",텐아시아,1일 전,네이버뉴스
413,"김희철, 리얼리티쇼 부문 우수상 감사합니다 ‘SBS 연예대상’ [포토엔HD]",뉴스엔,1일 전,네이버뉴스
414,‘2019 SBS 연예대상’ 수상소감 중 故 구하라·설리 언급한 유재석,국민일보,1일 전,네이버뉴스
415,"“연예대상 물갈이해야” 김구라, 방송 3사에 날린 일침[SBS 연예대상②]",뉴스엔,1일 전,네이버뉴스
416,"아는형님 김영철 만든 눈물바다, 2019 감동의 종업식(ft.오나라)[어제TV]",뉴스엔,1일 전,네이버뉴스
417,"긴장감 어디로? 상 나눠먹기, 훈훈함 뒤 남긴 찝찝함[SBS 연예대상①]",뉴스엔,1일 전,네이버뉴스
418,"“다 갱년기냐” 김영철→이수근, 바이러스처럼 전염된 눈물샘[결정적장면]",뉴스엔,1일 전,네이버뉴스
419,"유재석, 4년 만에 2019 SBS 연예대상 수상…&quot;故설리·구하라 편안하길&quot;",부산일보,1일 전,네이버뉴스
420,&#39;SBS 연예대상&#39; 유재석 &quot;설리·구하라 생각나...일상에 감사&quot; 울림 안긴 소감[SS리뷰],스포츠서울,1일 전,네이버뉴스
421,[어게인TV] 오나라 깜짝 출연→김영철 눈물…‘아는형님’ 2019년 총결산,헤럴드POP,1일 전,네이버뉴스
422,"&#39;아는형님&#39; 김영철, &#39;빛이나기 시작&#39;이라는 말에 울음…이수근 &quot;5년만에 눈물&quot; [어저께TV]",OSEN,1일 전,네이버뉴스
423,[연말결산] 31인에 물었다…2019년 최고 예능인은,뉴스1,1일 전,네이버뉴스
424,[2019 SBS 연예대상] 장시간 진행·공동수상 남발 &#39;눈살&#39;,매일경제,1일 전,네이버뉴스
425,"&quot;故 구하라 설리 생각나&quot; 유재석, 추모와 위로 담긴 대상 수상 소감 [2019 SBS 연예대상]",매일경제,1일 전,네이버뉴스
426,"&#39;아는형님&#39; 김영철·김희철·이수근, 칭찬해상에 눈물샘 폭발 (ft. 오나라)[전일야화]",엑스포츠뉴스,1일 전,네이버뉴스
427,"&quot;자영업자, 농·어민 힘내길&quot;…백종원, 대상은 중요하지 않았다 [SBS 연예대상]",엑스포츠뉴스,1일 전,네이버뉴스
428,"&quot;나는 비연예인&quot;…백종원, &#39;대상&#39; 이상의 품격 &#39;공로상&#39; [2019 SBS 연예대상②]",OSEN,1일 전,네이버뉴스
429,"&#39;아는형님&#39; 김희철, &quot;이건 너무 뻔하네&quot; 모두의 인정 받으며 &#39;과기대상&#39; 수상 (ft.과거기억) [핫TV]",OSEN,1일 전,네이버뉴스
430,SBS 연예대상 유재석 호명 순간 시청률 16.7% 껑충,뉴스엔,1일 전,네이버뉴스
431,&#39;맛남의 광장&#39; 덕유산 휴게소에서 멘보 사과X한우 불고기 버거 판매 &#39;완판 행진&#39;,CBC뉴스,1일 전,
432,"&#39;2019 SBS 연예대상&#39; 유재석, &#39;런닝맨&#39;으로 4년 만 대상..호명 순간 최고 16.7%",헤럴드POP,1일 전,네이버뉴스
433,&#39;SBS 연예대상&#39; 영예의 대상 수상자 유재석 호명 순간 16.7% &#39;최고의 1분&#39;,마이데일리,1일 전,네이버뉴스
434,"&#39;아는형님&#39; 종업식, 웬만한 시상식보다 나았다…오나라 의리·김영철 눈물, &amp; 이수만선생님",미디어펜,1일 전,
435,"&#39;SBS 연예대상&#39; 유재석, 4년만에 대상 호명 순간 16.7%..뜨거운 관심",OSEN,1일 전,네이버뉴스
436,김희철 ‘SBS 연예대상’ 우수상 소감 “힘든 일 많았는데 감사해”[SNS★컷],뉴스엔,1일 전,네이버뉴스
437,&#39;sbs 연예대상&#39; 유재석·백종원 주인공(종합),충청리뷰,1일 전,
438,&#39;2019 SBS 연예대상&#39; 대상의 주인공은 유재석…발표 순간 16.7% &#39;최고의1분&#39;,스포츠서울,1일 전,네이버뉴스
439,&#39;2019 SBS 연예대상&#39; 대상의 주인공은 유재석…발표 순간 16.7% &#39;최고의1분&#39;,스포츠서울,1일 전,네이버뉴스
440,정체는 바로 사태?? `잔소리`,인천일보,1일 전,
441,&#39;2019 SBS 연예대상&#39; 대상 유재석…발표 순간 16.7% &#39;최고의1분&#39;,싱글리스트,1일 전,
442,&#39;아는형님&#39; 김영철 &quot;빛을 내기 시작&quot;이라는 말에 눈물…김희철·이수근·제작진도 &#39;뭉클&#39;,아시아투데이,1일 전,
443,"&#39;2019 SBS 연예대상&#39; 유재석, 4년만 대상 수상…발표 순간 16.7% &#39;최고의1분&#39;",엑스포츠뉴스,1일 전,네이버뉴스
444,"SBS연예대상, 유재석 4년만의 대상..최고의 1분 16.7%",스타뉴스,1일 전,네이버뉴스
445,&#39;SBS 연예대상&#39; 유재석 대상→백종원 공로상…&#39;일침&#39; 김구라도 웃었다[종합],스포티비뉴스,1일 전,네이버뉴스
446,"&#39;SBS 연예대상&#39; 유재석 대상·백종원 공로상...김구라 일침 &quot;돌려막기식 시상식, 물갈이 해야&quot;",enews24,1일 전,네이버뉴스
447,"`아는형님` 종업식, 김영철 눈물 펑펑…강호동 최고의 형님(툭-TV)",매일경제,1일 전,네이버뉴스
448,‘SBS 연예대상’ 대상 유재석 호명 순간 순간 시청률 16.7%,티브이데일리,1일 전,
449,"유재석, 2019 SBS 연예대상 대상…백종원 공로상",데일리안,1일 전,네이버뉴스
450,"&quot;행복할 수 있는 세상 왔으면&quot;..김희철, &#39;SBS 연예대상&#39; 우수상 수상소감[★SHOT!]",OSEN,1일 전,네이버뉴스
451,"유재석, &#39;2019 SBS 연예대상&#39; 대상 수상…공로상은 백종원(종합)",아시아투데이,1일 전,
452,&#39;노빠꾸&#39; 듀엣 양세형·김희철한테 &#39;볼꼬집&#39; 우쭈쭈 당하고 급 현타(?)온 백종원,인사이트,1일 전,
453,어제 자 4년째 하는 &#39;아는 형님&#39; 자체 시상식에서 김희철·이수근·김영철이 펑펑 운 이유,인사이트,1일 전,
454,&quot;대상 유재석-공로상 백종원&quot;…2019 SBS 연예대상의 똑똑한 상 주기[종합],SBS funE,1일 전,네이버뉴스
455,[2019 SBS 연예대상] 유재석 4년 만에 대상…백종원 공로상(종합),아주경제,1일 전,
456,"유재석, ‘SBS 연예대상’ 대상…故 구하라·설리 애도",스포츠경향,1일 전,네이버뉴스
457,&#39;SBS 연예대상&#39; 유재석 대상 &quot;런닝맨 10주년&quot;...백종원 공로상(종합),YTN,1일 전,네이버뉴스
458,"[SC리뷰]&quot;故설리 구하라, 하늘에서 편안하게&quot;…&#39;SBS연예대상&#39; 백종원 말고 유재석 택했다",스포츠조선,1일 전,네이버뉴스
459,"역시 예능황제…유재석, ‘SBS 연예대상’ “혼자 큰 상 받아서 미안”",스포츠월드,1일 전,네이버뉴스
460,김희철 “나중에 연예인 그만두더라도 은혜 갚으며 살 것”,한국일보,1일 전,네이버뉴스
461,"&#39;아는 형님&#39; 김영철-김희철-이수근, 종업식서 눈물 펑펑.. 오나라 깜짝 방문",뉴스인사이드,1일 전,
462,"(2019 SBS 연예대상) 유재석, 대상 수상 영예…백종원 공로상(종합)",뉴스토마토,1일 전,
463,"유재석, ‘2019 SBS연예대상’ 주인공…백종원 공로상",동아일보,1일 전,네이버뉴스
464,"[방송리뷰] 맛남의 광장, 백종원 장수사과 살리기",데일리그리드,1일 전,
465,"[시청률IS] &#39;SBS 연예대상&#39; 유재석, 4년만 대상에 최고 16.7% 기록",일간스포츠,1일 전,네이버뉴스
466,유재석 대상 호명=‘SBS 연예대상’ 최고의 1분…김구라 일침 수상소감도 [M+TV시청률],MBN,1일 전,네이버뉴스
467,"‘2019 SBS 연예대상’ 유재석, 4년 만에 대상…백종원은 공로상",스포츠동아,1일 전,네이버뉴스
468,"유재석, 4년 만에 대상…‘2019 SBS 연예대상’ 최고 16.7% [MK★TV시청률]",MK스포츠,1일 전,네이버뉴스
469,&#39;2019 SBS 연예대상&#39; 유재석 대상 영예…최고의 1분 &#39;16.7%&#39; 기록,스포츠투데이,1일 전,
470,"SBS 연예대상, &#39;최고의 1분&#39;은 유재석 대상 호명 순간",SBS funE,1일 전,네이버뉴스
471,"‘2019 SBS 연예대상’런닝맨 유재석, 4년 만에 대상…대상 발표 순간 16.7% ‘최고의1분’",국제신문,1일 전,
472,"[팝업TV]&quot;빛을 내기 시작&quot;..&#39;아는 형님&#39;, 김영철 눈물에 이수근·김희철→제작진도 눈물바다",헤럴드POP,1일 전,네이버뉴스
473,&#39;SBS 연예대상&#39;서 대상 받은 유재석 &quot;고(故) 설리·구하라 생각난다&quot;,세계일보,1일 전,네이버뉴스
474,백종원 나이? ‘맛남의 광장’ 촬영 일정 관심 “영천휴게소 이어 여수공항”,리서치페이퍼,1일 전,
475,[종합] ‘2019 SBS 연예대상’ 백종원 공로상 받았다…대상은 유재석 ft.김구라,스포츠동아,1일 전,네이버뉴스
476,"장수사과즙ㆍ멘보사과ㆍ한우 불고기버거…&#39;맛남의 광장&#39; 덕유산 휴게소 편, 시청률 두 자릿 수 돌파",비즈엔터,1일 전,
477,"김희철, 아름다운 미모로 수상 소감..&quot;정말 고맙습니다&quot;",헤럴드POP,1일 전,네이버뉴스
478,"김구라, 연예대상에 일침 “돌려먹기식 수상 진부해, 지상파 본부장들 반성하라”",민중의소리,1일 전,
479,"김성주, 훈훈한 미소 (2019 SBS 연예대상)",서울경제,1일 전,네이버뉴스
480,"‘아는형님’ 김영철, 동료 인정에 눈물 펑펑…이수근·김희철도 눈물샘 폭발",한국일보,1일 전,네이버뉴스
481,"박나래, 심쿵 하트 (2019 SBS 연예대상)",서울경제,1일 전,네이버뉴스
482,"김성주, 하트 (2019 SBS 연예대상)",서울경제,1일 전,네이버뉴스
483,"박나래-조정식, 연예대상 MC (2019 SBS 연예대상)",서울경제,1일 전,네이버뉴스
484,"조정식, 훈훈한 MC (2019 SBS 연예대상)",서울경제,1일 전,네이버뉴스
485,"박나래, 개그 폭발 (2019 SBS 연예대상)",서울경제,1일 전,네이버뉴스
486,"장예원-김수민-주시은, 미모의 SBS 아나운서 (2019 SBS 연예대상)",서울경제,1일 전,네이버뉴스
487,"김윤상, 아나운서계 얼굴천재 (2019 SBS 연예대상)",서울경제,1일 전,네이버뉴스
488,"김윤상, 망가짐은 나의 몫 (2019 SBS 연예대상)",서울경제,1일 전,네이버뉴스
489,"&#39;불타는 청춘&#39; 조하나, 활짝 미소 (2019 SBS 연예대상)",서울경제,1일 전,네이버뉴스
490,"조하나, 화사한 미모 (2019 SBS 연예대상)",서울경제,1일 전,네이버뉴스
491,"최민용-구본승, 훈훈한 비주얼 (2019 SBS 연예대상)",서울경제,1일 전,네이버뉴스
492,"김완선, 눈부신 미모 (2019 SBS 연예대상)",서울경제,1일 전,네이버뉴스
493,"&#39;불타는 청춘&#39; 김완선-안혜경, 우아한 미모 (2019 SBS 연예대상)",서울경제,1일 전,네이버뉴스
494,&#39;불타는 청춘&#39; 터줏대감 김광규 (2019 SBS 연예대상),서울경제,1일 전,네이버뉴스
495,"김광규, 새해엔 장가갑니다 (2019 SBS 연예대상)",서울경제,1일 전,네이버뉴스
496,"이연수-이의정, 아름다운 미소 (2019 SBS 연예대상)",서울경제,1일 전,네이버뉴스
497,"김광규-조하나-강경헌, 화기애애 (2019 SBS 연예대상)",서울경제,1일 전,네이버뉴스
498,"김광규, 활짝 미소 (2019 SBS 연예대상)",서울경제,1일 전,네이버뉴스
499,"강경헌, 우아한 자태 (2019 SBS 연예대상)",서울경제,1일 전,네이버뉴스
500,"이연수, 우아한 미소 (2019 SBS 연예대상)",서울경제,1일 전,네이버뉴스
501,"안혜경, 순백의 미모 (2019 SBS 연예대상)",서울경제,1일 전,네이버뉴스
502,"안혜경, 우아한 청순미 (2019 SBS 연예대상)",서울경제,1일 전,네이버뉴스
503,"김도균, 빛나는 아우라 (2019 SBS 연예대상)",서울경제,1일 전,네이버뉴스
504,"김도균, 부드러운 미소 (2019 SBS 연예대상)",서울경제,1일 전,네이버뉴스
505,다정한 최성국-박선영 (2019 SBS 연예대상),서울경제,1일 전,네이버뉴스
506,"박선영, 화사한 미모 (2019 SBS 연예대상)",서울경제,1일 전,네이버뉴스
507,&#39;D D D&#39; 김혜림 (2019 SBS 연예대상),서울경제,1일 전,네이버뉴스
508,인사하는 김혜림 (2019 SBS 연예대상),서울경제,1일 전,네이버뉴스
509,"이의정, 갈수록 예뻐지는 미모 (2019 SBS 연예대상)",서울경제,1일 전,네이버뉴스
510,"이의정, 우아한 미모 (2019 SBS 연예대상)",서울경제,1일 전,네이버뉴스
511,"이의정, 사랑스러운 미모 (2019 SBS 연예대상)",서울경제,1일 전,네이버뉴스
512,"&#39;불타는 청춘&#39; 김완선, 상큼한 미모 (2019 SBS 연예대상)",서울경제,1일 전,네이버뉴스
513,"김완선, 심쿵 미모 (2019 SBS 연예대상)",서울경제,1일 전,네이버뉴스
514,"김완선, 우월한 미모 (2019 SBS 연예대상)",서울경제,1일 전,네이버뉴스
515,&#39;불타는 청춘&#39; 중년의 아름다운 여행 (2019 SBS 연예대상),서울경제,1일 전,네이버뉴스
516,"강경헌, 단아한 미모 (2019 SBS 연예대상)",서울경제,1일 전,네이버뉴스
517,"김완선, 빚은듯한 인형외모 (2019 SBS 연예대상)",서울경제,1일 전,네이버뉴스
518,"출연진도 울고, 제작진도 울었다…갑자기 눈물 바다된 &#39;아는 형님&#39; 촬영장",위키트리,1일 전,
519,"‘런닝맨’ 유재석, 4년 만에 대상 ‘2019 SBS 연예대상’ ..故 구하라와 설리 애도",서울경제,1일 전,네이버뉴스
520,"[SC이슈]&#39;요리잘하는 非연예인&#39;…백종원, 대상같은 공로상→우리는 다 안다",스포츠조선,1일 전,네이버뉴스
521,"&#39;2019 SBS 연예대상&#39; 유재석, 4년 만 대상…발표 순간 최고 시청률 16.7%",조이뉴스24,1일 전,
522,"맛남의 광장, 백종원 간 덕유산 휴게소 화제 이유는?",충청리뷰,1일 전,
523,"[IS포토|SBS연예대상] 유재석-지석진, 인터뷰 하랬더니 &#39;만담 중&#39;",일요서울,1일 전,
524,"[IS포토|SBS연예대상] 이윤지, 딸 라니와 함께 &#39;총총총&#39;",일요서울,1일 전,
525,[IS포토|SBS연예대상] 런닝맨 대표 포즈 &#39;달리기~&#39;,일요서울,1일 전,
526,[IS포토|SBS연예대상] 김구라 싱크율 95% &#39;김그라&#39;,일요서울,1일 전,
527,"[IS포토|SBS연예대상] 이윤지 딸 라니, &#39;내 동생 소리를 듣고 싶어요~&#39;",일요서울,1일 전,
528,"[IS포토|SBS연예대상] 유재석, 입장하는 &#39;대상 수상자&#39;",일요서울,1일 전,
529,"[IS포토|SBS연예대상] 김성주-박나래-조정식, 본식 &#39;MC 3인방&#39;",일요서울,1일 전,
530,[IS포토|SBS연예대상] 장예원-김수민-주시은 아나운서 &#39;미녀 삼인방&#39;,일요서울,1일 전,
531,"[IS포토|SBS연예대상] 윤상현, &#39;말끔 신사&#39;",일요서울,1일 전,
532,"[IS포토|SBS연예대상] 송지효-전소민, 런닝맨 &#39;두 미녀&#39;",일요서울,1일 전,
533,"[IS포토|SBS연예대상] 송지효, 요래 눈 맞으면 인사하&#39;지효~&#39;",일요서울,1일 전,
534,"[IS포토|SBS연예대상] 비투비 육성재, &#39;미남 박수&#39;",일요서울,1일 전,
535,"유재석, SBS 연예대상 수상… &quot;故설리·구하라 편안하길&quot;",한국경제TV,1일 전,네이버뉴스
536,"[IS포토|SBS연예대상] 이승기-육성재-양세형-이상윤, &#39;하트 받으세요~&#39;",일요서울,1일 전,
537,[IS포토|SBS연예대상] &#39;불타는 청춘&#39; 대가족이 한자리에,일요서울,1일 전,
538,"[IS포토|SBS연예대상] 이승기, &#39;넉넉한 미소 띄우며&#39;",일요서울,1일 전,
539,[IS포토|SBS연예대상] 축하무대온 아나운서 &#39;김주우-장예원-김수민-주시은-김윤상&#39;,일요서울,1일 전,
540,"[IS포토|SBS연예대상] 소이현-붐, 오늘은 라디오 DJ로~",일요서울,1일 전,
541,"[IS포토|SBS연예대상] 유재석, 여유로움도 &#39;대상&#39;감",일요서울,1일 전,
542,정읍시 내년 중폭 규모 인사 단행,전북중앙,1일 전,
543,김희철 &quot;힘든 일 많았는데. 모든분 행복한 세상 왔으면&quot;…의미심장 수상소감,부산일보,1일 전,네이버뉴스
544,“요즘 힘든 일이 많았다...” 김희철이 새벽에 남긴 긴 글,위키트리,23시간 전,
545,"&#39;미우새&#39; 이상민X탁재훈, 샌프란시스코 360도 전망대 &#39;코이트타워&#39; &amp; 김희철, 치과치료 중 프로게이머 이주영 만남…&#39;나이 51&#39; 유준상, 홍은희와 2003년 결혼",CBC뉴스,21시간 전,
546,"김희철, 새벽에 남긴 슬픈 소감 &quot;아무것도 없는 저를 빛나게 해준…&quot;",톱스타뉴스,21시간 전,
547,"정용화, &#39;특급전사&#39; 자부심! &quot;오빠, 우리 왜 만날 집에…&quot; 그의 나이는? &#39;미운우리새끼&#39; [★픽]",톱스타뉴스,20시간 전,
548,"김영철·허경환, 홍진영 두고 삼각관계?…탁재훈, 이상민에 울분! &#39;미운우리새끼&#39; [★픽]",톱스타뉴스,20시간 전,
549,김희철 만난 이주영 누구? 스타크래프트 저그 프로게이머 → 치과의사 근황!…유준상 &#39;국민 남편&#39; 면모! &#39;미운우리새끼&#39; [★픽],톱스타뉴스,20시간 전,
550,"‘아는형님’ 김영철, 2019 형님학교 종업식에서 오열 “빛이라는 말에 뭉클했다”",MTN,19시간 전,
551,"&#39;미우새&#39; 김희철, 교정기에 불만 토로 &quot;순살 치킨 사왔어야지&quot;",더셀럽,19시간 전,
552,"[스브스夜] &#39;미우새&#39; 홍진영, 김치 들고 허경환 집 방문 &quot;마흔파이브는 아픈 손가락&quot;",SBS funE,19시간 전,네이버뉴스
553,"&#39;미우새&#39; 정용화 &quot;좋아하는 이성, 마음 열때까지 올인&quot; (ft.스키장 사진 데뷔) [종합]",OSEN,19시간 전,네이버뉴스
554,"&#39;미우새&#39; 허경환vs김영철, 트로트 듀엣 결성…신동, 17kg 감량 &#39;눈길&#39; [종합]",엑스포츠뉴스,19시간 전,네이버뉴스
555,"[종합] `미우새` 김희철, 아랫니 교정 사투기 선보여 (with 신동)",매일경제,19시간 전,네이버뉴스
556,&#39;미운 우리 새끼&#39; 티격태격 캐미폭발 이상민X탁재훈→뼈조차 잘생긴 김희철[종합],헤럴드POP,19시간 전,네이버뉴스
557,"&#39;미우새&#39; 이상민, 궁상여행에 탁재훈 &#39;분노&#39;…운명의 짝꿍(종합)",뉴스1,18시간 전,네이버뉴스
558,신동 다이어트 최대 관문 엄마 손 크기였나…&quot;동료 멤버 도망갔다&quot;,뷰어스,18시간 전,
559,"신동, 다이어트 4주 만에 체중 ‘두 자리’ 5인치 감소한 허리둘레",이투데이,18시간 전,
560,&#39;미우새&#39; 슈퍼주니어 신동 &quot;25일만에 17kg 다이어트&quot; 확 달라졌네~,마이데일리,18시간 전,네이버뉴스
561,"&#39;아는형님&#39; 김영철, &quot;빛 내기 시작&quot; 칭찬에 눈물바다…오나라 &#39;당황&#39;",조이뉴스24,18시간 전,
562,&#39;맛남의광장&#39; 백종원 &quot;일부러 그랬지!&quot;...김희철 사과칵테일 세례 &#39;폭소&#39;,중도일보,18시간 전,
563,엄마 손 크기가 신동 다이어트 최대 적이었나…&quot;음식보면 혀 내둘러&quot;,녹색경제신문,18시간 전,
564,노홍철 음주사건? &quot;국세청 앞에서 벤츠 차량 몰다가...&quot; 올해 나이 &#39;깜짝&#39;,리서치페이퍼,17시간 전,
565,"신동 “25일만에 17㎏ 감량, 강호동보다 더 나갔다”[결정적장면]",뉴스엔,12시간 전,네이버뉴스
566,"&#39;미우새&#39; 정용화, 특전사 전역→첫 예능 복귀 신호탄 &#39;성공이시네요&#39; [어저께TV]",OSEN,11시간 전,네이버뉴스
567,"&quot;한 달만에 17kg 감량&quot; &#39;미우새&#39; 신동, 건강 적신호→행복 &#39;다이어터&#39; 로 [핫TV]",OSEN,11시간 전,네이버뉴스
568,"‘미우새’ 동시간대 1위, 최고의 1분 주인공은 김희철 ‘14.4%’",뉴스엔,9시간 전,네이버뉴스
569,[TV북마크] ‘미운우리새끼’ 정용화 특별MC→김희철 치과 겁쟁이 ‘최고 14.4%’,스포츠동아,9시간 전,네이버뉴스
570,"&#39;미우새&#39; 김희철, 아랫니 교정 사투기 (ft.신동 17kg 감량)…최고 시청률 14.4%",스포츠조선,9시간 전,네이버뉴스
571,"‘미우새’ 우주 겁쟁이 김희철 ‘아랫니 교정 사투기’, 최고 시청률 14.4%[어젯밤TV]",마이데일리,9시간 전,네이버뉴스
572,[간밤의 TV] 우주 겁쟁이 김희철의 ‘아랫니 교정 사투기’···최고 시청률 14.4%,아주경제,9시간 전,
573,&#39;미우새&#39; 신동 다이어트 &quot;17kg 감량&quot;…김희철 치킨에 &#39;부러움 가득&#39;,싱글리스트,9시간 전,
574,"‘미우새’ 김희철, 아랫니 교정에 진땀 ‘최고의 1분’",텐아시아,9시간 전,네이버뉴스
575,"&#39;미우새&#39; 동시간대 1위, 우주 겁쟁이 김희철 아랫니 교정 사투기..최고 14.4%",OSEN,9시간 전,네이버뉴스
576,"&#39;미우새&#39; 이상민-탁재훈, &#39;베스트커플상&#39;급 여행…김희철 교정에 14.4%[TV핫샷]",스포티비뉴스,9시간 전,네이버뉴스
577,‘미우새’ 신동 “25일만 17kg 감량...단시간 최고 기록”,매일경제,9시간 전,네이버뉴스
578,"&#39;미우새&#39; 김희철, 우주 겁쟁이의 아랫니 교정 사투기…최고 시청률 14.4%",엑스포츠뉴스,9시간 전,네이버뉴스
579,‘미우새’ 우주 겁쟁이 김희철의 ‘아랫니 교정 사투기’ [간밤TV],스포츠경향,9시간 전,네이버뉴스
580,"e스포츠 레전드 페이커, &#39;라디오스타&#39; 출연.. 팬들의 뜨거운 관심! 기대!",베리타스알파,9시간 전,
581,&#39;미운 우리 새끼&#39; 우주 겁쟁이 김희철 &#39;아랫니 교정 사투기&#39;… 최고 시청률 14.4%,스타데일리뉴스,8시간 전,
582,"&#39;미우새&#39; 김희철 &#39;아랫니 교정 사투기&#39;, 최고 시청률 14.4%",스포츠서울,8시간 전,네이버뉴스
583,김희철이 치과 시술받던 중 알아본 치과의사의 놀라운 정체,위키트리,8시간 전,
584,신동 &quot;17kg 다이어트 성공.. 강호동보다 더 나갔다&quot;,이데일리,8시간 전,네이버뉴스
585,&#39;미우새&#39; 우주 겁쟁이 김희철의 &#39;아랫니 교정 사투기&#39;..최고 시청률 14.4%,서울경제,8시간 전,네이버뉴스
586,"김희철 “고 설리·구하라 언급해준 유재석, 짠했고 멋있었다”",스포츠경향,8시간 전,네이버뉴스
587,&#39;미우새&#39; 신동 &quot;한 달만에 17kg 감량…강호동보다 무거웠다&quot;,CNB저널,8시간 전,
588,"김희철, 故설리가 키웠던 고양이 이제야 공개한 이유…&quot;추측 및 루머 역겨워&quot;",톱스타뉴스,8시간 전,
589,"태백시, 불법주정차 과태료 수납 가상계좌 도입",국제뉴스,8시간 전,
590,"&#39;미운 우리 새끼&#39; 김희철, 아랫니 교정 사투기…최고 시청률 14.4%",스포츠투데이,7시간 전,
591,유재석 “故설리·구하라 생각나”…김희철 “진짜 멋있고 고맙다”,이데일리,7시간 전,네이버뉴스
592,"김영호 육종암 투병 근황→김영철 눈물, 예능 감동 순간 [시선강탈 예능 Weekly]",티브이데일리,7시간 전,
593,"김희철 “유재석 故설리·구하라 추모, 짠하고 고마웠다”…SBS연예대상 언급",MK스포츠,7시간 전,네이버뉴스
594,김희철 &quot;故설리·구하라 언급한 유재석 고맙고 멋져&quot;,스타뉴스,7시간 전,네이버뉴스
595,김희철 만난 신동 &quot;한달 동안 17kg 뺐다. 아직 23kg 남아&quot;,세계일보,7시간 전,네이버뉴스
596,PC방에 등장한 선남선녀 조합…슈주와 펜타곤&amp;오하영의 만남,조이뉴스24,7시간 전,
597,"김희철, 故 설리 고양이 입양...&quot;미우새·유재석 고맙다&quot;",매일경제,7시간 전,네이버뉴스
598,"김희철 &quot;유재석 故 설리·구하라 추모, 고맙고 짠해&quot;",스포츠투데이,7시간 전,
599,"&quot;故 설리가 아끼던 반려묘 맞아요&quot;...김희철, 고블린 숨겼던 이유는?",SBS funE,7시간 전,네이버뉴스
600,"태백시, 단체철도 관광객 유치 인센티브 대폭 확대",국제뉴스,7시간 전,
601,김희철 &quot;故설리 고양이 공개 안 한 이유? 또 다른 루머 생성 두려웠다&quot;,티브이데일리,7시간 전,
602,김희철 &#39;설리 고양이&#39; 공개…&quot;말 못 하는 그들 위해 감추고 감췄다&quot;,엑스포츠뉴스,7시간 전,네이버뉴스
603,김희철 &quot;故 설리 고양이 키우는 사실 숨긴 이유는…&quot;,머니투데이,7시간 전,네이버뉴스
604,&#39;희철이네 신동한 PC방&#39;에 등장한 선남선녀 조합! 펜타곤&amp;오하영,일간리더스경제,6시간 전,
605,"김희철, 故설리 고양이 감췄던 이유 “말 못하는 두 동생 위해”",뉴스엔,6시간 전,네이버뉴스
606,"김희철 &quot;故 설리·구하라 언급한 유재석, 고맙고 멋있더라&quot;",YTN,6시간 전,네이버뉴스
607,"&#39;미우새&#39; 신동 &quot;17kg 감량 성공, 과거 강호동보다 더 나가&quot;",스포츠투데이,6시간 전,
608,"김희철 &quot;유재석 대상 소감, 故설리·구하라 언급…너무 고맙고 멋있다&quot;",더셀럽,6시간 전,
609,"김희철, 故설리 반려묘 입양 공개...&quot;유재석, 설리·구하라 언급 고마워&quot; [엑&#39;s 이슈]",엑스포츠뉴스,6시간 전,네이버뉴스
610,"[POP이슈]&quot;故설리·구하라 언급, 짠하고 고마워&quot;..김희철, 고블린 공개+유재석에 감사 인사",헤럴드POP,6시간 전,네이버뉴스
611,"&#39;아는형님&#39; 종업식, 오나라 깜짝 등장 &quot;JTBC 시상식 생기는 거 아니냐&quot;",뉴스컬처,6시간 전,
612,"김희철, 故 설리 반려묘 고블린 공개 “많이 아팠지만 이젠 잘 지내”",스포츠동아,5시간 전,네이버뉴스
613,"김희철, &#39;故 설리 고양이&#39; 공개→유재석에 감사인사..따뜻하고 먹먹한 진심 (종합)",enews24,5시간 전,네이버뉴스
614,"[종합] 김희철, 故설리 반려묘 입양 &quot;볼 때마다 눈물&quot;…유재석에 감사 인사",스포츠조선,5시간 전,네이버뉴스
615,"김희철, 故설리 반려묘 키운다…&quot;유재석, 설리·구하라 언급 고마워&quot;",뉴스1,5시간 전,네이버뉴스
616,"김희철, 설리 고양이 ‘블린이’ 입양…“‘미우새’선 편집, 제작진 고마워”",스포츠월드,5시간 전,네이버뉴스
617,“많은 루머들을...” 얘기 나오는게 싫어 김희철이 &#39;미우새&#39; 찍을 때마다 숨긴 것,위키트리,4시간 전,
618,"김희철, 故 설리 고양이 공개 &quot;잘 지내고 있으니 걱정 말라&quot;",한국경제,4시간 전,네이버뉴스
619,김희철 &quot;故 설리·구하라 언급한 유재석에 고마워&quot;,머니S,4시간 전,네이버뉴스
620,"김희철, SBS 연예대상 우수상에 &quot;힘든 일 많았는데 정말 감사&quot;",스타뉴스,4시간 전,네이버뉴스
621,&#39;미우새&#39; 김희철 아랫니 교정 사투기… 14.4% &#39;최고의 1분&#39;,티브이데일리,4시간 전,
622,[2019 연예계 결산]비연예인 트렌드·유재석 부활·박나래 김구라 소신 발언 호평,서울와이어,4시간 전,
623,"김희철, 故 설리 반려묘 키우는 것 맞다… “편집해준 ‘미우새’ 제작진 고마워”",국제신문,4시간 전,
624,김희철 &#39;고블린&#39; 공개 &quot;루머 만들기 싫었다&quot;,충청리뷰,4시간 전,
625,"김희철, 故설리 반려묘 고블린 함께 지내..“처음 왔을 때 많이 아파&quot;",국제뉴스,4시간 전,
626,"김희철, 故설리 고양이 키우는 사실 공개…&quot;유재석 故 설리·구하라 언급 수상 소감 고마웠다&quot;",미디어펜,4시간 전,
627,"김희철, 故설리의 반려묘 키우고 있다..&quot;유재석 언급, 고맙고 멋있더라&quot;(종합)",OSEN,4시간 전,네이버뉴스
628,"김희철, 故설리 반려묘 입양 사실 고백...“루머 생길까 감추고 있었다”",텐아시아,4시간 전,네이버뉴스
629,"김희철, 故설리 반려묘 입양 뒤늦게 고백… “볼 때마다 울었다”",조선일보,4시간 전,네이버뉴스
630,"김희철, 유재석 수상소감에 감사→故 설리 반려묘 입양 공개 [종합]",엑스포츠뉴스,4시간 전,네이버뉴스
631,김희철 왜 갑자기 화제?,아주경제,4시간 전,
632,"김희철 &quot;故 설리 고양이 &#39;고블린&#39;, 잘 지내고 있으니 걱정마세요&quot;",부산일보,3시간 전,네이버뉴스
633,"김희철, 故 설리 고양이 입양 고백 &quot;입맛에 맞춰 스토리 짜는 게 싫었다&quot;",싱글리스트,3시간 전,
634,"김희철, 故 설리 반려묘 공개…유재석에 감사 인사",아시아투데이,3시간 전,
635,"김희철, 故설리 반려묘 키우는 사실 &#39;뒤늦게 밝힌 이유&#39;",여성경제신문,3시간 전,
636,"김희철 “故설리 고양이, 내가 키우고 있다…볼 때마다 울어”",디지털타임스,3시간 전,네이버뉴스
637,"김희철, 故 설리 고양이 입양 고백 &quot;잘 지내고 있으니 걱정말라&quot;",한국면세뉴스,3시간 전,
638,김희철 &quot;고(故) 설리 &#39;고블린&#39; 반려묘 이젠 내 가족. 큰 종기 수술도&quot;,세계일보,3시간 전,네이버뉴스
639,"정선군, 1월1일 군민과 함께하는 2020경자년 해맞이 축제 개최",국제뉴스,3시간 전,
640,김희철 “故설리·구하라 언급해준 유재석에 감사...‘고블린’도 잘 있다”,MTN,3시간 전,
641,"김희철, 故 설리 고양이 입양 &quot;처음에 주책맞게 볼 때마다 울었다&quot;",뉴스핌,3시간 전,
642,"김희철, 故 설리 반려묘 고블린 공개 &quot;잘 지내고 있어요&quot;",마이데일리,3시간 전,네이버뉴스
643,"유재석 &#39;수상소감&#39; 언급 김희철, 故 설리 반려묘 입양 숨겼던 속내 밝혀",영남일보,3시간 전,
644,"김희철, 故 설리 반려묘 입양 뒤늦게 밝힌 이유…&quot;우리 동생 기억해달라&quot;",조이뉴스24,3시간 전,
645,"김희철, 故 설리 반려견 입양 사실 공개 “유재석·‘미우새’ 측에 고마워”",MBN,3시간 전,네이버뉴스
646,"김희철, &quot;유재석 수상소감에 감사… 故설리 반려묘 입양&quot; 고백",MBC연예,3시간 전,네이버뉴스
647,김희철 故 설리 반려묘 입양 사실 공개 &quot;잘 지내고 있다&quot;,파이낸셜뉴스,3시간 전,네이버뉴스
648,"김희철, 故설리 고양이 입양 뒤늦게 공개… “루머 생길까 감췄다”",국민일보,3시간 전,네이버뉴스
649,"[종합]김희철, 故설리 고양이 감췄던 이유 &quot;말 할 수 없는 두 동생 위해&quot;",스포츠조선,3시간 전,네이버뉴스
650,"김희철, 故 설리 반려묘 입양 고백 &quot;유재석 수상소감 고마웠다&quot;",일간스포츠,3시간 전,네이버뉴스
651,"김희철 &quot;故설리 고양이, 내가 키우고 있다…유재석 수상소감 감사&quot;",이투데이,3시간 전,
652,김희철 &quot;故 설리 고양이 키우고 있다…유재석 수상소감 너무 고마워&quot;,브릿지경제,3시간 전,
653,"김희철, 설리 고양이 대신 키워…&quot;동생들은 말이 없고, 루머 우려해 숨겨&quot;[종합]",스포티비뉴스,3시간 전,네이버뉴스
654,김희철 &quot;故설리 고양이 잘 있다...루머 때문에 감춰&quot;,더팩트,3시간 전,네이버뉴스
655,"김희철 &quot;힘들었는데 응원해주셔서 감사, 은혜 갚으며 살겠다&quot; [TD#]",티브이데일리,3시간 전,
656,"김희철, 유재석 故 설리·구하라 언급에 &quot;진짜 멋있고 고맙다&quot;",내외뉴스통신,3시간 전,
657,"김희철, 故 설리 반려묘 입양한 사연 &quot;추모는 감사하지만…&quot;",스포츠투데이,3시간 전,
658,"김희철, 故설리 반려묘 입양 고백 &quot;루머 때문에 숨겨와&quot;[스타이슈]",스타뉴스,2시간 전,네이버뉴스
659,[김희철의 직업군인이야기](51) 분노로 떨리는 손끝에서 떨어지는 낙담의 담뱃재…,뉴스투데이,2시간 전,
660,"김희철, SBS 연예대상 우수상에 &quot;정말 고맙습니다&quot;",한국목재신문,2시간 전,
661,[이시각 연예스포츠 핫뉴스] 기안84 수상소감·엑스원 아이즈원·김희철 고양이·양준일 광고모델,이투데이,2시간 전,
662,"구하라·설리 언급한 &#39;유재석&#39; 수상소감, 시청률은?",충청리뷰,2시간 전,
663,"김희철, 故 설리 고양이 돌본다 “감춘 이유, 말 못하는 그들 위하려”",TV리포트,2시간 전,네이버뉴스
664,"김희철, “유재석 수상소감 감사” 故설리 반려묘 입양 고백",서울신문,2시간 전,네이버뉴스
665,"맛남의 광장, 전북 장수 사과의 변신...백종원 매직 특급 레시피",대구일보,2시간 전,
666,"김희철, 故 설리 고양이 입양...&quot;잘 지내요, 걱정마세요&quot;",뉴시스,2시간 전,네이버뉴스
667,[아유경제_연예] 김희철 &quot;故 설리 반려묘 블린이 잘 있다… 유재석 수상 소감 감사&quot;,아유경제,1시간 전,
668,김희철 “故 설리 반려묘 고블린 잘 지내…처음엔 볼 때마다 울어”,MK스포츠,1시간 전,네이버뉴스
669,김희철이 故 설리 반려묘를 키우고 있다고 밝혔다,허프포스트코리아,1시간 전,
670,[오늘의 하이라이트] ‘최강창민 열애 인정’·김희철 유재석에 감사인사 등,한스경제,1시간 전,
671,"[POP이슈]&quot;설리·구하라 이야기 고마워&quot;…김희철, 유재석 언급에 수상소감 관심ing",헤럴드POP,1시간 전,네이버뉴스
672,&quot;공연 콘텐츠 혁신…전통과 대중성 모두 잡겠다&quot;,한국경제,36분 전,네이버뉴스
673,영월군 종량제봉투 및 음식물전용용기 칩 가격 인상,국제뉴스,25분 전,
674,"김희철, 故설리 반려묘 입양 사실 뒤늦게 공개…누리꾼 응원 물결 [엑&#39;s 이슈]",엑스포츠뉴스,22분 전,네이버뉴스
675,"김희철, 고(故) 설리 반려묘 &#39;블린&#39; 입양…밝히지 않았던 이유?? &quot;루머가 또 다른 루머를 만들고…&quot;",뉴스인사이드,13분 전,
676,"[POP초점]&quot;성별 싸움 보기 싫어&quot; 김희철, 故설리 고양이 입양 이유에 응원물결",헤럴드POP,12분 전,네이버뉴스
